	 {"LayName": "y.png", "LayWidth": 78.000000, "LayHeight": 54.000000, "LayID": 23, "ParentID": 0, "LayIn": 0.00, "LayDur": 30.00, "CompIn": 0.00, "CompDur": 30.00, "Normalization": false,
		"SourcePath": "//pc10110074/d$/Customer/Gionee/1080x1920folder/(Footage)/y.png",
		"Version": "231003475",
			 	"Marker": { 
				 }, 
				 "AnchorPoint": { 
					"X": 0.500000000, "Y": 0.500000000, "Z": 0.000000000
					 }, 
				 "Position": { 
					"Type":[ 4.00 , 4.00 , 4.00 , 4.00 , 4.00 , 4.00 , 4.00 , 4.00 , 4.00 , 4.00 , 4.00 , 4.00 , 4.00 , 4.00 , 4.00 , 4.00 , 4.00 , 4.00 ],
					"Time":[ 0.00 , 0.40 , 0.84 , 1.32 , 1.76 , 2.40 , 2.84 , 3.48 , 4.00 , 7.00 , 7.40 , 7.84 , 8.32 , 8.76 , 9.40 , 9.84 , 10.48 , 11.00 ],
					"X":[ 632.16 , 638.66 , 640.66 , 638.66 , 640.66 , 638.66 , 640.66 , 636.16 , 632.16 , 632.16 , 638.66 , 640.66 , 638.66 , 640.66 , 638.66 , 640.66 , 636.16 , 632.16 ],
					"Y":[ 1115.00 , 1093.00 , 1104.00 , 1093.00 , 1104.00 , 1093.00 , 1104.00 , 1111.50 , 1115.00 , 1115.00 , 1093.00 , 1104.00 , 1093.00 , 1104.00 , 1093.00 , 1104.00 , 1111.50 , 1115.00 ],
					"Z":[ -17.00 , -17.00 , -17.00 , -17.00 , -17.00 , -17.00 , -17.00 , -17.00 , -17.00 , -17.00 , -17.00 , -17.00 , -17.00 , -17.00 , -17.00 , -17.00 , -17.00 , -17.00 ],
					"InTanX":[ 0.00 , 0.00 , 0.00 , 0.00 , 0.00 , 0.00 , 0.00 , 0.00 , 0.00 , 0.00 , 0.00 , 0.00 , 0.00 , 0.00 , 0.00 , 0.00 , 0.00 , 0.00 ],
					"InTanY":[ 0.00 , 0.00 , 0.00 , 0.00 , 0.00 , 0.00 , 0.00 , 0.00 , 0.00 , 0.00 , 0.00 , 0.00 , 0.00 , 0.00 , 0.00 , 0.00 , 0.00 , 0.00 ],
					"InTanZ":[ 0.00 , 0.00 , 0.00 , 0.00 , 0.00 , 0.00 , 0.00 , 0.00 , 0.00 , 0.00 , 0.00 , 0.00 , 0.00 , 0.00 , 0.00 , 0.00 , 0.00 , 0.00 ],
					"OutTanX":[ 0.00 , 0.00 , 0.00 , 0.00 , 0.00 , 0.00 , 0.00 , 0.00 , 0.00 , 0.00 , 0.00 , 0.00 , 0.00 , 0.00 , 0.00 , 0.00 , 0.00 , 0.00 ],
					"OutTanY":[ 0.00 , 0.00 , 0.00 , 0.00 , 0.00 , 0.00 , 0.00 , 0.00 , 0.00 , 0.00 , 0.00 , 0.00 , 0.00 , 0.00 , 0.00 , 0.00 , 0.00 , 0.00 ],
					"OutTanZ":[ 0.00 , 0.00 , 0.00 , 0.00 , 0.00 , 0.00 , 0.00 , 0.00 , 0.00 , 0.00 , 0.00 , 0.00 , 0.00 , 0.00 , 0.00 , 0.00 , 0.00 , 0.00 ]
				}
,				 "Scale": { 
					"Type":[ 0.00 , 0.00 , 0.00 , 0.00 , 0.00 , 0.00 , 0.00 , 0.00 ],
					"Time":[ 0.00 , 0.84 , 1.76 , 2.84 , 7.00 , 7.84 , 8.76 , 9.84 ],
					"X":[ 100.00 , 100.00 , 100.00 , 100.00 , 100.00 , 100.00 , 100.00 , 100.00 ],
					"Y":[ 100.00 , 100.00 , 100.00 , 100.00 , 100.00 , 100.00 , 100.00 , 100.00 ],
					"Z":[ 100.00 , 100.00 , 100.00 , 100.00 , 100.00 , 100.00 , 100.00 , 100.00 ],
					"InTanX":[ 0.00 , 0.00 , 0.00 , 0.00 , 0.00 , 0.00 , 0.00 , 0.00 ],
					"InTanY":[ 0.00 , 0.00 , 0.00 , 0.00 , 0.00 , 0.00 , 0.00 , 0.00 ],
					"InTanZ":[ 0.00 , 0.00 , 0.00 , 0.00 , 0.00 , 0.00 , 0.00 , 0.00 ],
					"OutTanX":[ 0.00 , 0.00 , 0.00 , 0.00 , 0.00 , 0.00 , 0.00 , 0.00 ],
					"OutTanY":[ 0.00 , 0.00 , 0.00 , 0.00 , 0.00 , 0.00 , 0.00 , 0.00 ],
					"OutTanZ":[ 0.00 , 0.00 , 0.00 , 0.00 , 0.00 , 0.00 , 0.00 , 0.00 ]
				}
,				 "Orientation": { 
					"X": 0.00, "Y": 0.00, "Z": 0.00
					 }, 
				 "XRotation": { 
					"Val": 0.00
					 }, 
				 "YRotation": { 
					"Val": 0.00
					 }, 
				 "ZRotation": { 
					"Type":[ 0.00 , 0.00 , 0.00 , 0.00 , 0.00 , 0.00 , 0.00 , 0.00 , 0.00 , 0.00 , 0.00 , 0.00 , 0.00 , 0.00 , 0.00 , 0.00 , 0.00 , 0.00 ],
					"Time":[ 0.00 , 0.40 , 0.84 , 1.32 , 1.76 , 2.40 , 2.84 , 3.48 , 4.00 , 7.00 , 7.40 , 7.84 , 8.32 , 8.76 , 9.40 , 9.84 , 10.48 , 11.00 ],
					"Val":[ 31.39 , -22.75 , 0.00 , -22.75 , 0.00 , -22.75 , 0.00 , 20.43 , 31.39 , 31.39 , -22.75 , 0.00 , -22.75 , 0.00 , -22.75 , 0.00 , 20.43 , 31.39 ],
					"InTanX":[ 0.00 , 0.00 , 0.00 , 0.00 , 0.00 , 0.00 , 0.00 , 0.00 , 0.00 , 0.00 , 0.00 , 0.00 , 0.00 , 0.00 , 0.00 , 0.00 , 0.00 , 0.00 ],
					"OutTanX":[ 0.00 , 0.00 , 0.00 , 0.00 , 0.00 , 0.00 , 0.00 , 0.00 , 0.00 , 0.00 , 0.00 , 0.00 , 0.00 , 0.00 , 0.00 , 0.00 , 0.00 , 0.00 ]
				}
,				 "Opacity": { 
					"Type":[ 0.00 , 0.00 , 0.00 , 0.00 , 0.00 , 0.00 , 0.00 , 0.00 ],
					"Time":[ 0.00 , 0.84 , 1.76 , 2.84 , 7.00 , 7.84 , 8.76 , 9.84 ],
					"Val":[ 100.00 , 100.00 , 100.00 , 100.00 , 100.00 , 100.00 , 100.00 , 100.00 ],
					"InTanX":[ 0.00 , 0.00 , 0.00 , 0.00 , 0.00 , 0.00 , 0.00 , 0.00 ],
					"OutTanX":[ 0.00 , 0.00 , 0.00 , 0.00 , 0.00 , 0.00 , 0.00 , 0.00 ]
				}
	}
