	 {"LayName": "zui.png", "LayWidth": 61.000000, "LayHeight": 28.000000, "LayID": 31, "ParentID": 0, "LayIn": 0.00, "LayDur": 30.00, "CompIn": 0.00, "CompDur": 30.00, "Normalization": false,
		"SourcePath": "//pc10110074/d$/Customer/Gionee/1080x1920folder/(Footage)/zui.png",
		"Version": "231003475",
			 	"Marker": { 
				 }, 
				 "AnchorPoint": { 
					"X": 0.500000000, "Y": 0.500000000, "Z": 0.000000000
					 }, 
				 "Position": { 
					"Type":[ 4.00 , 4.00 , 4.00 , 4.00 , 4.00 , 4.00 , 4.00 , 4.00 , 4.00 , 4.00 , 4.00 , 4.00 ],
					"Time":[ 0.00 , 0.48 , 1.00 , 1.64 , 2.32 , 3.20 , 7.00 , 7.48 , 8.00 , 8.64 , 9.32 , 10.20 ],
					"X":[ 522.66 , 522.66 , 522.66 , 522.66 , 522.66 , 522.66 , 522.66 , 522.66 , 522.66 , 522.66 , 522.66 , 522.66 ],
					"Y":[ 1088.00 , 1088.00 , 1088.00 , 1088.00 , 1088.00 , 1088.00 , 1088.00 , 1088.00 , 1088.00 , 1088.00 , 1088.00 , 1088.00 ],
					"Z":[ -19.50 , -19.50 , -19.50 , -19.50 , -19.50 , -19.50 , -19.50 , -19.50 , -19.50 , -19.50 , -19.50 , -19.50 ],
					"InTanX":[ 0.00 , 0.00 , 0.00 , 0.00 , 0.00 , 0.00 , 0.00 , 0.00 , 0.00 , 0.00 , 0.00 , 0.00 ],
					"InTanY":[ 0.00 , 0.00 , 0.00 , 0.00 , 0.00 , 0.00 , 0.00 , 0.00 , 0.00 , 0.00 , 0.00 , 0.00 ],
					"InTanZ":[ 0.00 , 0.00 , 0.00 , 0.00 , 0.00 , 0.00 , 0.00 , 0.00 , 0.00 , 0.00 , 0.00 , 0.00 ],
					"OutTanX":[ 0.00 , 0.00 , 0.00 , 0.00 , 0.00 , 0.00 , 0.00 , 0.00 , 0.00 , 0.00 , 0.00 , 0.00 ],
					"OutTanY":[ 0.00 , 0.00 , 0.00 , 0.00 , 0.00 , 0.00 , 0.00 , 0.00 , 0.00 , 0.00 , 0.00 , 0.00 ],
					"OutTanZ":[ 0.00 , 0.00 , 0.00 , 0.00 , 0.00 , 0.00 , 0.00 , 0.00 , 0.00 , 0.00 , 0.00 , 0.00 ]
				}
,				 "Scale": { 
					"Type":[ 0.00 , 0.00 , 0.00 , 0.00 , 0.00 , 0.00 , 0.00 , 0.00 , 0.00 , 0.00 , 0.00 , 0.00 , 0.00 , 0.00 , 0.00 , 0.00 , 0.00 , 0.00 , 0.00 , 0.00 , 0.00 , 0.00 , 0.00 , 0.00 , 0.00 , 0.00 ],
					"Time":[ 0.00 , 0.20 , 0.48 , 0.72 , 1.00 , 1.32 , 1.64 , 2.00 , 2.32 , 2.76 , 3.20 , 3.56 , 4.00 , 7.00 , 7.20 , 7.48 , 7.72 , 8.00 , 8.32 , 8.64 , 9.00 , 9.32 , 9.76 , 10.20 , 10.56 , 11.00 ],
					"X":[ 100.00 , 100.00 , 100.00 , 100.00 , 100.00 , 100.00 , 100.00 , 100.00 , 100.00 , 100.00 , 100.00 , 100.00 , 100.00 , 100.00 , 100.00 , 100.00 , 100.00 , 100.00 , 100.00 , 100.00 , 100.00 , 100.00 , 100.00 , 100.00 , 100.00 , 100.00 ],
					"Y":[ 100.00 , 128.57 , 100.00 , 128.57 , 100.00 , 128.57 , 100.00 , 128.57 , 100.00 , 128.57 , 100.00 , 71.43 , 39.29 , 100.00 , 128.57 , 100.00 , 128.57 , 100.00 , 128.57 , 100.00 , 128.57 , 100.00 , 128.57 , 100.00 , 71.43 , 39.29 ],
					"Z":[ 100.00 , 100.00 , 100.00 , 100.00 , 100.00 , 100.00 , 100.00 , 100.00 , 100.00 , 100.00 , 100.00 , 100.00 , 100.00 , 100.00 , 100.00 , 100.00 , 100.00 , 100.00 , 100.00 , 100.00 , 100.00 , 100.00 , 100.00 , 100.00 , 100.00 , 100.00 ],
					"InTanX":[ 0.00 , 0.00 , 0.00 , 0.00 , 0.00 , 0.00 , 0.00 , 0.00 , 0.00 , 0.00 , 0.00 , 0.00 , 0.00 , 0.00 , 0.00 , 0.00 , 0.00 , 0.00 , 0.00 , 0.00 , 0.00 , 0.00 , 0.00 , 0.00 , 0.00 , 0.00 ],
					"InTanY":[ 0.00 , 0.00 , 0.00 , 0.00 , 0.00 , 0.00 , 0.00 , 0.00 , 0.00 , 0.00 , 0.00 , 0.00 , 0.00 , 0.00 , 0.00 , 0.00 , 0.00 , 0.00 , 0.00 , 0.00 , 0.00 , 0.00 , 0.00 , 0.00 , 0.00 , 0.00 ],
					"InTanZ":[ 0.00 , 0.00 , 0.00 , 0.00 , 0.00 , 0.00 , 0.00 , 0.00 , 0.00 , 0.00 , 0.00 , 0.00 , 0.00 , 0.00 , 0.00 , 0.00 , 0.00 , 0.00 , 0.00 , 0.00 , 0.00 , 0.00 , 0.00 , 0.00 , 0.00 , 0.00 ],
					"OutTanX":[ 0.00 , 0.00 , 0.00 , 0.00 , 0.00 , 0.00 , 0.00 , 0.00 , 0.00 , 0.00 , 0.00 , 0.00 , 0.00 , 0.00 , 0.00 , 0.00 , 0.00 , 0.00 , 0.00 , 0.00 , 0.00 , 0.00 , 0.00 , 0.00 , 0.00 , 0.00 ],
					"OutTanY":[ 0.00 , 0.00 , 0.00 , 0.00 , 0.00 , 0.00 , 0.00 , 0.00 , 0.00 , 0.00 , 0.00 , 0.00 , 0.00 , 0.00 , 0.00 , 0.00 , 0.00 , 0.00 , 0.00 , 0.00 , 0.00 , 0.00 , 0.00 , 0.00 , 0.00 , 0.00 ],
					"OutTanZ":[ 0.00 , 0.00 , 0.00 , 0.00 , 0.00 , 0.00 , 0.00 , 0.00 , 0.00 , 0.00 , 0.00 , 0.00 , 0.00 , 0.00 , 0.00 , 0.00 , 0.00 , 0.00 , 0.00 , 0.00 , 0.00 , 0.00 , 0.00 , 0.00 , 0.00 , 0.00 ]
				}
,				 "Orientation": { 
					"X": 0.00, "Y": 0.00, "Z": 0.00
					 }, 
				 "XRotation": { 
					"Val": 0.00
					 }, 
				 "YRotation": { 
					"Val": 0.00
					 }, 
				 "ZRotation": { 
					"Type":[ 0.00 , 0.00 , 0.00 , 0.00 , 0.00 , 0.00 , 0.00 , 0.00 , 0.00 , 0.00 , 0.00 , 0.00 ],
					"Time":[ 0.00 , 0.48 , 1.00 , 1.64 , 2.32 , 3.20 , 7.00 , 7.48 , 8.00 , 8.64 , 9.32 , 10.20 ],
					"Val":[ 0.00 , 0.00 , 0.00 , 0.00 , 0.00 , 0.00 , 0.00 , 0.00 , 0.00 , 0.00 , 0.00 , 0.00 ],
					"InTanX":[ 0.00 , 0.00 , 0.00 , 0.00 , 0.00 , 0.00 , 0.00 , 0.00 , 0.00 , 0.00 , 0.00 , 0.00 ],
					"OutTanX":[ 0.00 , 0.00 , 0.00 , 0.00 , 0.00 , 0.00 , 0.00 , 0.00 , 0.00 , 0.00 , 0.00 , 0.00 ]
				}
,				 "Opacity": { 
					"Type":[ 0.00 , 0.00 , 0.00 , 0.00 , 0.00 , 0.00 , 0.00 , 0.00 , 0.00 , 0.00 , 0.00 , 0.00 ],
					"Time":[ 0.00 , 0.48 , 1.00 , 1.64 , 2.32 , 3.20 , 7.00 , 7.48 , 8.00 , 8.64 , 9.32 , 10.20 ],
					"Val":[ 100.00 , 100.00 , 100.00 , 100.00 , 100.00 , 100.00 , 100.00 , 100.00 , 100.00 , 100.00 , 100.00 , 100.00 ],
					"InTanX":[ 0.00 , 0.00 , 0.00 , 0.00 , 0.00 , 0.00 , 0.00 , 0.00 , 0.00 , 0.00 , 0.00 , 0.00 ],
					"OutTanX":[ 0.00 , 0.00 , 0.00 , 0.00 , 0.00 , 0.00 , 0.00 , 0.00 , 0.00 , 0.00 , 0.00 , 0.00 ]
				}
	}
