	 {"LayName": "z.png", "LayWidth": 80.000000, "LayHeight": 59.000000, "LayID": 26, "ParentID": 0, "LayIn": 0.00, "LayDur": 30.00, "CompIn": 0.00, "CompDur": 30.00, "Normalization": false,
		"SourcePath": "//pc10110074/d$/Customer/Gionee/1080x1920folder/(Footage)/z.png",
		"Version": "231003475",
			 	"Marker": { 
				 }, 
				 "AnchorPoint": { 
					"X": 0.500000000, "Y": 0.500000000, "Z": 0.000000000
					 }, 
				 "Position": { 
					"Type":[ 4.00 , 4.00 , 4.00 , 4.00 , 4.00 , 4.00 , 4.00 , 4.00 , 4.00 , 4.00 , 4.00 , 4.00 , 4.00 , 4.00 , 4.00 , 4.00 , 4.00 , 4.00 ],
					"Time":[ 0.00 , 0.40 , 0.84 , 1.32 , 1.76 , 2.40 , 2.84 , 3.48 , 4.00 , 7.00 , 7.40 , 7.84 , 8.32 , 8.76 , 9.40 , 9.84 , 10.48 , 11.00 ],
					"X":[ 418.16 , 412.16 , 412.66 , 412.16 , 412.66 , 412.16 , 412.66 , 413.66 , 418.16 , 418.16 , 412.16 , 412.66 , 412.16 , 412.66 , 412.16 , 412.66 , 413.66 , 418.16 ],
					"Y":[ 1114.00 , 1098.00 , 1103.00 , 1098.00 , 1103.00 , 1098.00 , 1103.00 , 1110.00 , 1114.00 , 1114.00 , 1098.00 , 1103.00 , 1098.00 , 1103.00 , 1098.00 , 1103.00 , 1110.00 , 1114.00 ],
					"Z":[ -16.75 , -16.75 , -16.75 , -16.75 , -16.75 , -16.75 , -16.75 , -16.75 , -16.75 , -16.75 , -16.75 , -16.75 , -16.75 , -16.75 , -16.75 , -16.75 , -16.75 , -16.75 ],
					"InTanX":[ 0.00 , 0.00 , 0.00 , 0.00 , 0.00 , 0.00 , 0.00 , 0.00 , 0.00 , 0.00 , 0.00 , 0.00 , 0.00 , 0.00 , 0.00 , 0.00 , 0.00 , 0.00 ],
					"InTanY":[ 0.00 , 0.00 , 0.00 , 0.00 , 0.00 , 0.00 , 0.00 , 0.00 , 0.00 , 0.00 , 0.00 , 0.00 , 0.00 , 0.00 , 0.00 , 0.00 , 0.00 , 0.00 ],
					"InTanZ":[ 0.00 , 0.00 , 0.00 , 0.00 , 0.00 , 0.00 , 0.00 , 0.00 , 0.00 , 0.00 , 0.00 , 0.00 , 0.00 , 0.00 , 0.00 , 0.00 , 0.00 , 0.00 ],
					"OutTanX":[ 0.00 , 0.00 , 0.00 , 0.00 , 0.00 , 0.00 , 0.00 , 0.00 , 0.00 , 0.00 , 0.00 , 0.00 , 0.00 , 0.00 , 0.00 , 0.00 , 0.00 , 0.00 ],
					"OutTanY":[ 0.00 , 0.00 , 0.00 , 0.00 , 0.00 , 0.00 , 0.00 , 0.00 , 0.00 , 0.00 , 0.00 , 0.00 , 0.00 , 0.00 , 0.00 , 0.00 , 0.00 , 0.00 ],
					"OutTanZ":[ 0.00 , 0.00 , 0.00 , 0.00 , 0.00 , 0.00 , 0.00 , 0.00 , 0.00 , 0.00 , 0.00 , 0.00 , 0.00 , 0.00 , 0.00 , 0.00 , 0.00 , 0.00 ]
				}
,				 "Scale": { 
					"Type":[ 0.00 , 0.00 , 0.00 , 0.00 , 0.00 , 0.00 , 0.00 , 0.00 ],
					"Time":[ 0.00 , 0.84 , 1.76 , 2.84 , 7.00 , 7.84 , 8.76 , 9.84 ],
					"X":[ 100.00 , 100.00 , 100.00 , 100.00 , 100.00 , 100.00 , 100.00 , 100.00 ],
					"Y":[ 100.00 , 100.00 , 100.00 , 100.00 , 100.00 , 100.00 , 100.00 , 100.00 ],
					"Z":[ 100.00 , 100.00 , 100.00 , 100.00 , 100.00 , 100.00 , 100.00 , 100.00 ],
					"InTanX":[ 0.00 , 0.00 , 0.00 , 0.00 , 0.00 , 0.00 , 0.00 , 0.00 ],
					"InTanY":[ 0.00 , 0.00 , 0.00 , 0.00 , 0.00 , 0.00 , 0.00 , 0.00 ],
					"InTanZ":[ 0.00 , 0.00 , 0.00 , 0.00 , 0.00 , 0.00 , 0.00 , 0.00 ],
					"OutTanX":[ 0.00 , 0.00 , 0.00 , 0.00 , 0.00 , 0.00 , 0.00 , 0.00 ],
					"OutTanY":[ 0.00 , 0.00 , 0.00 , 0.00 , 0.00 , 0.00 , 0.00 , 0.00 ],
					"OutTanZ":[ 0.00 , 0.00 , 0.00 , 0.00 , 0.00 , 0.00 , 0.00 , 0.00 ]
				}
,				 "Orientation": { 
					"X": 0.00, "Y": 0.00, "Z": 0.00
					 }, 
				 "XRotation": { 
					"Val": 0.00
					 }, 
				 "YRotation": { 
					"Val": 0.00
					 }, 
				 "ZRotation": { 
					"Type":[ 0.00 , 0.00 , 0.00 , 0.00 , 0.00 , 0.00 , 0.00 , 0.00 , 0.00 , 0.00 , 0.00 , 0.00 , 0.00 , 0.00 , 0.00 , 0.00 , 0.00 , 0.00 ],
					"Time":[ 0.00 , 0.40 , 0.84 , 1.32 , 1.76 , 2.40 , 2.84 , 3.48 , 4.00 , 7.00 , 7.40 , 7.84 , 8.32 , 8.76 , 9.40 , 9.84 , 10.48 , 11.00 ],
					"Val":[ -20.46 , 21.45 , 0.00 , 21.45 , 0.00 , 21.45 , 0.00 , -8.95 , -20.46 , -20.46 , 21.45 , 0.00 , 21.45 , 0.00 , 21.45 , 0.00 , -8.95 , -20.46 ],
					"InTanX":[ 0.00 , 0.00 , 0.00 , 0.00 , 0.00 , 0.00 , 0.00 , 0.00 , 0.00 , 0.00 , 0.00 , 0.00 , 0.00 , 0.00 , 0.00 , 0.00 , 0.00 , 0.00 ],
					"OutTanX":[ 0.00 , 0.00 , 0.00 , 0.00 , 0.00 , 0.00 , 0.00 , 0.00 , 0.00 , 0.00 , 0.00 , 0.00 , 0.00 , 0.00 , 0.00 , 0.00 , 0.00 , 0.00 ]
				}
,				 "Opacity": { 
					"Type":[ 0.00 , 0.00 , 0.00 , 0.00 , 0.00 , 0.00 , 0.00 , 0.00 ],
					"Time":[ 0.00 , 0.84 , 1.76 , 2.84 , 7.00 , 7.84 , 8.76 , 9.84 ],
					"Val":[ 100.00 , 100.00 , 100.00 , 100.00 , 100.00 , 100.00 , 100.00 , 100.00 ],
					"InTanX":[ 0.00 , 0.00 , 0.00 , 0.00 , 0.00 , 0.00 , 0.00 , 0.00 ],
					"OutTanX":[ 0.00 , 0.00 , 0.00 , 0.00 , 0.00 , 0.00 , 0.00 , 0.00 ]
				}
	}
