	 {"LayName": "yj.png", "LayWidth": 22.000000, "LayHeight": 21.000000, "LayID": 27, "ParentID": 0, "LayIn": 0.00, "LayDur": 30.00, "CompIn": 0.00, "CompDur": 30.00, "Normalization": false,
		"SourcePath": "//pc10110074/d$/Customer/Gionee/1080x1920folder/(Footage)/yj.png",
		"Version": "231003475",
			 	"Marker": { 
				 }, 
				 "AnchorPoint": { 
					"X": 0.500000000, "Y": 0.500000000, "Z": 0.000000000
					 }, 
				 "Position": { 
					"Type":[ 4.00 , 4.00 , 4.00 , 4.00 , 4.00 , 4.00 , 4.00 , 4.00 , 4.00 ],
					"Time":[ 0.00 , 0.68 , 0.76 , 3.00 , 3.08 , 7.00 , 7.08 , 11.00 , 11.08 ],
					"X":[ 569.66 , 569.66 , 569.66 , 569.66 , 569.66 , 569.66 , 569.66 , 569.66 , 569.66 ],
					"Y":[ 1055.00 , 1055.00 , 1055.00 , 1055.00 , 1055.00 , 1055.00 , 1055.00 , 1055.00 , 1055.00 ],
					"Z":[ -19.25 , -19.25 , -19.25 , -19.25 , -19.25 , -19.25 , -19.25 , -19.25 , -19.25 ],
					"InTanX":[ 0.00 , 0.00 , 0.00 , 0.00 , 0.00 , 0.00 , 0.00 , 0.00 , 0.00 ],
					"InTanY":[ 0.00 , 0.00 , 0.00 , 0.00 , 0.00 , 0.00 , 0.00 , 0.00 , 0.00 ],
					"InTanZ":[ 0.00 , 0.00 , 0.00 , 0.00 , 0.00 , 0.00 , 0.00 , 0.00 , 0.00 ],
					"OutTanX":[ 0.00 , 0.00 , 0.00 , 0.00 , 0.00 , 0.00 , 0.00 , 0.00 , 0.00 ],
					"OutTanY":[ 0.00 , 0.00 , 0.00 , 0.00 , 0.00 , 0.00 , 0.00 , 0.00 , 0.00 ],
					"OutTanZ":[ 0.00 , 0.00 , 0.00 , 0.00 , 0.00 , 0.00 , 0.00 , 0.00 , 0.00 ]
				}
,				 "Scale": { 
					"Type":[ 0.00 , 0.00 , 0.00 , 0.00 , 0.00 , 0.00 , 0.00 , 0.00 , 0.00 , 0.00 , 0.00 , 0.00 , 0.00 ],
					"Time":[ 0.00 , 0.68 , 0.72 , 0.76 , 3.00 , 3.04 , 3.08 , 7.00 , 7.04 , 7.08 , 11.00 , 11.04 , 11.08 ],
					"X":[ 100.00 , 100.00 , 100.00 , 100.00 , 100.00 , 100.00 , 100.00 , 100.00 , 100.00 , 100.00 , 100.00 , 100.00 , 100.00 ],
					"Y":[ 100.00 , 100.00 , 7.14 , 100.00 , 100.00 , 7.14 , 100.00 , 100.00 , 7.14 , 100.00 , 100.00 , 7.14 , 100.00 ],
					"Z":[ 100.00 , 100.00 , 100.00 , 100.00 , 100.00 , 100.00 , 100.00 , 100.00 , 100.00 , 100.00 , 100.00 , 100.00 , 100.00 ],
					"InTanX":[ 0.00 , 0.00 , 0.00 , 0.00 , 0.00 , 0.00 , 0.00 , 0.00 , 0.00 , 0.00 , 0.00 , 0.00 , 0.00 ],
					"InTanY":[ 0.00 , 0.00 , 0.00 , 0.00 , 0.00 , 0.00 , 0.00 , 0.00 , 0.00 , 0.00 , 0.00 , 0.00 , 0.00 ],
					"InTanZ":[ 0.00 , 0.00 , 0.00 , 0.00 , 0.00 , 0.00 , 0.00 , 0.00 , 0.00 , 0.00 , 0.00 , 0.00 , 0.00 ],
					"OutTanX":[ 0.00 , 0.00 , 0.00 , 0.00 , 0.00 , 0.00 , 0.00 , 0.00 , 0.00 , 0.00 , 0.00 , 0.00 , 0.00 ],
					"OutTanY":[ 0.00 , 0.00 , 0.00 , 0.00 , 0.00 , 0.00 , 0.00 , 0.00 , 0.00 , 0.00 , 0.00 , 0.00 , 0.00 ],
					"OutTanZ":[ 0.00 , 0.00 , 0.00 , 0.00 , 0.00 , 0.00 , 0.00 , 0.00 , 0.00 , 0.00 , 0.00 , 0.00 , 0.00 ]
				}
,				 "Orientation": { 
					"X": 0.00, "Y": 0.00, "Z": 0.00
					 }, 
				 "XRotation": { 
					"Val": 0.00
					 }, 
				 "YRotation": { 
					"Val": 0.00
					 }, 
				 "ZRotation": { 
					"Type":[ 0.00 , 0.00 , 0.00 , 0.00 , 0.00 , 0.00 , 0.00 , 0.00 , 0.00 ],
					"Time":[ 0.00 , 0.68 , 0.76 , 3.00 , 3.08 , 7.00 , 7.08 , 11.00 , 11.08 ],
					"Val":[ 0.00 , 0.00 , 0.00 , 0.00 , 0.00 , 0.00 , 0.00 , 0.00 , 0.00 ],
					"InTanX":[ 0.00 , 0.00 , 0.00 , 0.00 , 0.00 , 0.00 , 0.00 , 0.00 , 0.00 ],
					"OutTanX":[ 0.00 , 0.00 , 0.00 , 0.00 , 0.00 , 0.00 , 0.00 , 0.00 , 0.00 ]
				}
,				 "Opacity": { 
					"Val": 100.00
					 } 
	}
