{"LayName":"2.png","LayWidth":1080,"LayHeight":1920,"LayID":2850,"ParentID":0,"LayIn":0,"LayDur":1.16,"CompIn":0,"CompDur":1.16,"Normalization":false,"SourcePath":"F:/MTKproject/wallpaper/2.png","Version":"110314411","Marker":{},"AnchorPoint":{"X":0.5,"Y":0.5,"Z":0},"Position":{"Type":[4,4,4,4,4,4,4,4,4,4,4,4,4,4,4,4,4,4,4,4,4,4,4,4,4,4],"Time":[0.04,0.08,0.12,0.16,0.2,0.24,0.28,0.32,0.36,0.4,0.44,0.48,0.52,0.56,0.6,0.64,0.68,0.72,0.76,0.8,0.84,0.88,0.92,0.96,1,1.04],"X":[315,315.45,316.90997,319.51,323.40002,328.62,335.02002,341.82,346.71002,343.83002,322.95,279.03998,224.59998,174.57,133.65997,101.25,75.71002,55.599976,39.799988,27.48999,18.03003,10.940002,5.8499756,2.4799805,0.59002686,0],"Y":[0,0,0,0,0,0,0,0,0,0,0,0,0,0,0,0,0,0,0,0,0,0,0,0,0,0],"Z":[380,379.17,376.45,371.44,363.49,351.73,334.79,310.63,276.33,228.87,169.59,110.7,66.57,38.93,22.54,12.87,7.15,3.81,1.91,0.87,0.34,0.1,0.01,-0.01,-0,0],"InTanX":[0,-0.15,-0.48,-0.85,-1.24,-1.63,-1.9,-1.79,-0.66,2.81,9.89,17.65,19.98,17.47,13.93,10.91,8.54,6.71,5.26,4.1,3.15,2.36,1.69,1.12,0.63,0.2],"InTanY":[0,0,0,0,0,0,0,0,0,0,0,0,0,0,0,0,0,0,0,0,0,0,0,0,0,0],"InTanZ":[0,0.28,0.9,1.67,2.64,3.9,5.6,7.95,11.2,15.28,18.6,17.87,13.06,8.08,4.76,2.8,1.64,0.94,0.53,0.28,0.14,0.06,0.02,0,-0,-0],"OutTanX":[0.15,0.49,0.89,1.35,1.86,2.37,2.76,2.62,0.97,-3.84,-11.33,-16.1,-15.78,-13.29,-10.68,-8.47,-6.7,-5.27,-4.11,-3.16,-2.37,-1.7,-1.12,-0.63,-0.2,-189.59],"OutTanY":[0,0,0,0,0,0,0,0,0,0,0,0,0,0,0,0,0,0,0,0,0,0,0,0,0,0],"OutTanZ":[-0.28,-0.91,-1.68,-2.66,-3.94,-5.69,-8.15,-11.65,-16.34,-20.87,-21.31,-16.3,-10.31,-6.15,-3.65,-2.17,-1.28,-0.74,-0.41,-0.22,-0.1,-0.04,-0.01,-0,0,1.17]},"Scale":{"X":51.42,"Y":51.42,"Z":51.42},"Orientation":{"X":0,"Y":0,"Z":0},"XRotation":{"Val":0},"YRotation":{"Type":[0,0,0,0,0,0,0,0,0,0,0,0,0,0,0,0,0,0,0,0,0,0,0,0,0,0],"Time":[0.04,0.08,0.12,0.16,0.2,0.24,0.28,0.32,0.36,0.4,0.44,0.48,0.52,0.56,0.6,0.64,0.68,0.72,0.76,0.8,0.84,0.88,0.92,0.96,1,1.04],"Val":[36,35.94,35.76,35.42,34.89,34.12,33.04,31.53,29.46,26.61,22.83,18.42,14.21,10.79,8.15,6.13,4.56,3.34,2.39,1.65,1.08,0.65,0.35,0.15,0.04,0],"InTanX":[0,0,0,0,0,0,0,0,0,0,0,0,0,0,0,0,0,0,0,0,0,0,0,0,0,0],"OutTanX":[0,0,0,0,0,0,0,0,0,0,0,0,0,0,0,0,0,0,0,0,0,0,0,0,0,0]},"ZRotation":{"Val":0},"Opacity":{"Val":100}}