{"LayName":"4.png","LayWidth":1080,"LayHeight":1920,"LayID":3399,"ParentID":0,"LayIn":0,"LayDur":1.16,"CompIn":0,"CompDur":1.16,"Normalization":false,"SourcePath":"F:/MTKproject/wallpaper/4.png","Version":"110314411","Marker":{},"AnchorPoint":{"X":0.5,"Y":0.5,"Z":0},"Position":{"Type":[4,4,4,4,4,4,4,4,4,4,4,4,4,4,4,4,4,4,4,4,4,4,4,4,4,4],"Time":[0.12,0.16,0.2,0.24,0.28,0.32,0.36,0.4,0.44,0.48,0.52,0.56,0.6,0.64,0.68,0.72,0.76,0.8,0.84,0.88,0.92,0.96,1,1.04,1.08,1.12],"X":[0,-9.22998,-46.73001,-135.20999,-269.62,-386.14,-465.46,-517.44,-551.68,-574.64,-590.37,-601.36,-609.18,-614.82,-618.94,-621.98,-624.23,-625.9,-627.15,-628.08,-628.76,-629.26,-629.6,-629.83,-629.96,-630],"Y":[0,0,0,0,0,0,0,0,0,0,0,0,0,0,0,0,0,0,0,0,0,0,0,0,0,0],"Z":[1230,1230.09,1229.87,1224.99,1202.19,1159.29,1108.73,1058.82,1013.19,972.92,937.91,907.7,881.67,859.3,840.12,823.72,809.76,797.98,788.13,780.03,773.5,768.39,764.59,761.99,760.48,760],"InTanX":[394.12,3.06,12.31,28.28,41.27,35.08,23.88,15.72,10.41,7.02,4.83,3.39,2.42,1.75,1.29,0.95,0.71,0.53,0.4,0.3,0.22,0.16,0.11,0.07,0.04,0.01],"InTanY":[-0,0,0,0,0,0,0,0,0,0,0,0,0,0,0,0,0,0,0,0,0,0,0,0,0,0],"InTanZ":[-5.25,-0.02,0.24,2.66,10.66,17.62,19.15,18.1,16.13,14.01,12.05,10.33,8.85,7.58,6.48,5.53,4.69,3.96,3.3,2.71,2.19,1.71,1.27,0.87,0.5,0.16],"OutTanX":[-3.09,-12.7,-30.71,-48.34,-42.6,-29.01,-18.93,-12.42,-8.29,-5.65,-3.94,-2.79,-2.01,-1.46,-1.07,-0.79,-0.59,-0.44,-0.32,-0.24,-0.17,-0.12,-0.08,-0.04,-0.01,27],"OutTanY":[0,0,0,0,0,0,0,0,0,0,0,0,0,0,0,0,0,0,0,0,0,0,-0,0,0,0],"OutTanZ":[0.04,0.09,-0.6,-4.55,-11.01,-14.57,-15.18,-14.29,-12.84,-11.29,-9.82,-8.5,-7.34,-6.31,-5.41,-4.61,-3.9,-3.26,-2.69,-2.17,-1.7,-1.26,-0.87,-0.5,-0.16,324.32]},"Scale":{"X":51.42,"Y":51.42,"Z":51.42},"Orientation":{"X":0,"Y":0,"Z":0},"XRotation":{"Val":0},"YRotation":{"Type":[0,0,0,0,0,0,0,0,0,0,0,0,0,0,0,0,0,0,0,0,0,0,0,0,0,0],"Time":[0.12,0.16,0.2,0.24,0.28,0.32,0.36,0.4,0.44,0.48,0.52,0.56,0.6,0.64,0.68,0.72,0.76,0.8,0.84,0.88,0.92,0.96,1,1.04,1.08,1.12],"Val":[0,-0.51,-1.64,-3.1,-4.76,-6.54,-8.41,-10.33,-12.28,-14.24,-16.19,-18.12,-20.02,-21.88,-23.68,-25.43,-27.09,-28.67,-30.14,-31.5,-32.73,-33.8,-34.7,-35.39,-35.84,-36],"InTanX":[0,0,0,0,0,0,0,0,0,0,0,0,0,0,0,0,0,0,0,0,0,0,0,0,0,0],"OutTanX":[0,0,0,0,0,0,0,0,0,0,0,0,0,0,0,0,0,0,0,0,0,0,0,0,0,0]},"ZRotation":{"Val":0},"Opacity":{"Val":100}}