{"LayName":"4.png","LayWidth":1080,"LayHeight":1920,"LayID":2848,"ParentID":0,"LayIn":0,"LayDur":1.16,"CompIn":0,"CompDur":1.16,"Normalization":false,"SourcePath":"F:/MTKproject/wallpaper/4.png","Version":"020947148","Marker":{},"AnchorPoint":{"X":0.5,"Y":0.5,"Z":0},"Position":{"Type":[4,4,4,4,4,4,4,4,4,4,4,4,4,4,4,4,4,4,4,4,4,4,4,4,4,4],"Time":[0.12,0.16,0.2,0.24,0.28,0.32,0.36,0.4,0.44,0.48,0.52,0.56,0.6,0.64,0.68,0.72,0.76,0.8,0.84,0.88,0.92,0.96,1,1.04,1.08,1.12],"X":[969,969.27,970.13,971.65,973.82996,976.56006,979.48,981.6,980.56006,971.42004,946.91003,904.93994,856.38,812.89,777.70996,749.94995,728.1,710.88,697.33997,686.75,678.58997,672.47,668.06995,665.15,663.52,663],"Y":[1,1,1,1,1,1,1,1,1,1,1,1,1,1,1,1,1,1,1,1,1,1,1,1,1,1],"Z":[1154.5,1153.68,1151.01,1146.08,1138.3,1126.87,1110.61,1087.81,1056.21,1013.76,961.83,909.45,867.75,838.93,819.44,805.95,796.32,789.29,784.07,780.17,777.28,775.17,773.68,772.71,772.17,772],"InTanX":[-61.2,-0.09,-0.28,-0.49,-0.68,-0.81,-0.77,-0.31,1.12,4.46,10.35,16.28,17.69,15.24,12.07,9.42,7.37,5.78,4.54,3.54,2.73,2.04,1.47,0.97,0.55,0.17],"InTanY":[0,0,0,0,0,0,0,0,0,0,0,0,0,0,0,0,0,0,0,0,0,0,0,0,0,0],"InTanZ":[184.45,0.27,0.89,1.64,2.58,3.79,5.37,7.5,10.32,13.71,16.53,16.45,13.06,9.1,6.2,4.33,3.11,2.29,1.7,1.28,0.95,0.7,0.49,0.32,0.18,0.06],"OutTanX":[0.09,0.29,0.52,0.77,1.01,1.18,1.11,0.44,-1.58,-5.89,-11.55,-14.57,-13.7,-11.36,-9.08,-7.19,-5.69,-4.49,-3.52,-2.71,-2.04,-1.46,-0.97,-0.55,-0.17,-199.33],"OutTanY":[0,0,0,0,0,0,0,0,0,0,0,0,0,0,0,0,0,0,0,0,0,0,0,0,0,0],"OutTanZ":[-0.27,-0.89,-1.65,-2.6,-3.83,-5.47,-7.7,-10.75,-14.58,-18.09,-18.46,-14.73,-10.12,-6.78,-4.66,-3.31,-2.4,-1.78,-1.32,-0.98,-0.71,-0.5,-0.33,-0.18,-0.06,-65.45]},"Scale":{"X":51.42,"Y":51.42,"Z":51.42},"Orientation":{"X":0,"Y":0,"Z":0},"XRotation":{"Val":0},"YRotation":{"Type":[0,0,0,0,0,0,0,0,0,0,0,0,0,0,0,0,0,0,0,0,0,0,0,0,0,0],"Time":[0.12,0.16,0.2,0.24,0.28,0.32,0.36,0.4,0.44,0.48,0.52,0.56,0.6,0.64,0.68,0.72,0.76,0.8,0.84,0.88,0.92,0.96,1,1.04,1.08,1.12],"Val":[36,36,36,36,36,36,36,36,36,36,36,36,36,36,36,36,36,36,36,36,36,36,36,36,36,36],"InTanX":[0,0,0,0,0,0,0,0,0,0,0,0,0,0,0,0,0,0,0,0,0,0,0,0,0,0],"OutTanX":[0,0,0,0,0,0,0,0,0,0,0,0,0,0,0,0,0,0,0,0,0,0,0,0,0,0]},"ZRotation":{"Val":0},"Opacity":{"Val":100}}