{"LayName":"1.png","LayWidth":1080,"LayHeight":1920,"LayID":2854,"ParentID":0,"LayIn":0,"LayDur":1.16,"CompIn":0,"CompDur":1.16,"Normalization":false,"SourcePath":"F:/MTKproject/wallpaper/1.png","Version":"110314411","Marker":{},"AnchorPoint":{"X":0.5,"Y":0.5,"Z":0},"Position":{"Type":[4,4,4,4,4,4,4,4,4,4,4,4,4,4,4,4,4,4,4,4,4,4,4,4,4,4],"Time":[0,0.04,0.08,0.12,0.16,0.2,0.24,0.28,0.32,0.36,0.4,0.44,0.48,0.52,0.56,0.6,0.64,0.68,0.72,0.76,0.8,0.84,0.88,0.92,0.96,1],"X":[0,-0.89001465,-3.7800293,-9.090027,-17.390015,-29.429993,-46.299988,-69.51999,-101.23001,-143.94,-198.26001,-256.47,-302.43,-328.13,-337.99,-339.21002,-336.63,-332.71002,-328.62,-324.89,-321.71002,-319.16998,-317.27002,-315.97,-315.22998,-315],"Y":[0,0,0,0,0,0,0,0,0,0,0,0,0,0,0,0,0,0,0,0,0,0,0,0,0,0],"Z":[0,0.2,0.85,2.06,4.03,7.02,11.52,18.31,28.84,45.67,72.87,113.36,162.74,211.31,252.51,285.02,310.08,329.31,344.08,355.39,363.95,370.3,374.83,377.81,379.48,380],"InTanX":[226.1,0.3,0.96,1.77,2.76,4,5.58,7.66,10.38,13.77,17.02,17.29,12.58,6.22,1.75,-0.49,-1.37,-1.6,-1.53,-1.34,-1.11,-0.88,-0.65,-0.44,-0.25,-0.08],"InTanY":[0,0,0,0,0,0,0,0,0,0,0,0,0,0,0,0,0,0,0,0,0,0,-0,-0,0,0],"InTanZ":[-50.15,-0.07,-0.22,-0.41,-0.67,-1.02,-1.55,-2.36,-3.7,-6,-9.81,-14.67,-17.73,-17.13,-14.3,-11.14,-8.52,-6.5,-4.97,-3.8,-2.87,-2.13,-1.51,-1,-0.56,-0.17],"OutTanX":[-0.3,-0.96,-1.77,-2.77,-4.03,-5.66,-7.82,-10.76,-14.67,-19.12,-21.38,-17.9,-10.81,-4.78,-1.29,0.36,1.02,1.2,1.15,1,0.82,0.62,0.43,0.24,0.08,0],"OutTanY":[0,0,0,0,0,0,0,0,0,0,0,0,0,0,0,0,0,0,0,0,0,0,0,0,0,0],"OutTanZ":[0.07,0.21,0.4,0.64,0.97,1.45,2.17,3.32,5.23,8.32,12.32,15.19,15.24,13.17,10.53,8.19,6.32,4.87,3.74,2.84,2.11,1.5,0.99,0.56,0.17,0]},"Scale":{"X":51.42,"Y":51.42,"Z":51.42},"Orientation":{"X":0,"Y":0,"Z":0},"XRotation":{"Val":0},"YRotation":{"Type":[0,0,0,0,0,0,0,0,0,0,0,0,0,0,0,0,0,0,0,0,0,0,0,0,0,0],"Time":[0,0.04,0.08,0.12,0.16,0.2,0.24,0.28,0.32,0.36,0.4,0.44,0.48,0.52,0.56,0.6,0.64,0.68,0.72,0.76,0.8,0.84,0.88,0.92,0.96,1],"Val":[0,-0.06,-0.24,-0.58,-1.11,-1.88,-2.96,-4.47,-6.54,-9.39,-13.17,-17.58,-21.79,-25.21,-27.85,-29.87,-31.44,-32.66,-33.61,-34.35,-34.92,-35.35,-35.65,-35.85,-35.96,-36],"InTanX":[0,0,0,0,0,0,0,0,0,0,0,0,0,0,0,0,0,0,0,0,0,0,0,0,0,0],"OutTanX":[0,0,0,0,0,0,0,0,0,0,0,0,0,0,0,0,0,0,0,0,0,0,0,0,0,0]},"ZRotation":{"Val":0},"Opacity":{"Val":100}}