{"LayName":"4.png","LayWidth":1080,"LayHeight":1920,"LayID":2848,"ParentID":0,"LayIn":0,"LayDur":1.16,"CompIn":0,"CompDur":1.16,"Normalization":false,"SourcePath":"F:/MTKproject/wallpaper/4.png","Version":"110314411","Marker":{},"AnchorPoint":{"X":0.5,"Y":0.5,"Z":0},"Position":{"Type":[4,4,4,4,4,4,4,4,4,4,4,4,4,4,4,4,4,4,4,4,4,4,4,4,4,4],"Time":[0.12,0.16,0.2,0.24,0.28,0.32,0.36,0.4,0.44,0.48,0.52,0.56,0.6,0.64,0.68,0.72,0.76,0.8,0.84,0.88,0.92,0.96,1,1.04,1.08,1.12],"X":[0,8.969971,45.47998,131.39001,260.53003,370.97998,446.71002,498.22998,534.18005,559.81006,578.4,592.03,602.08997,609.56995,615.13,619.27,622.33997,624.63,626.31006,627.54004,628.43994,629.06995,629.51,629.79004,629.94995,630],"Y":[0,0,0,0,0,0,0,0,0,0,0,0,0,0,0,0,0,0,0,0,0,0,0,0,0,0],"Z":[1230,1229.97,1228.99,1220.81,1190.16,1140.84,1089.16,1041.45,999.05,961.86,929.42,901.21,876.73,855.53,837.25,821.54,808.12,796.76,787.25,779.41,773.09,768.14,764.45,761.93,760.47,760],"InTanX":[-194.34,-2.98,-11.99,-27.51,-39.86,-33.6,-23.1,-15.79,-11.05,-7.9,-5.74,-4.21,-3.12,-2.32,-1.72,-1.29,-0.96,-0.71,-0.53,-0.39,-0.28,-0.2,-0.14,-0.09,-0.05,-0.02],"InTanY":[-0,0,0,0,0,0,0,0,0,0,0,0,0,0,0,0,0,0,-0,0,0,0,0,0,0,0],"InTanZ":[-0.27,0.02,0.55,4.04,13.47,19.17,18.73,16.7,14.58,12.65,10.96,9.49,8.22,7.1,6.12,5.25,4.48,3.79,3.17,2.61,2.11,1.65,1.23,0.84,0.49,0.16],"OutTanX":[3,12.35,29.76,46.23,40.04,27.39,18.56,12.91,9.19,6.65,4.87,3.6,2.67,1.98,1.47,1.09,0.81,0.59,0.43,0.31,0.22,0.15,0.1,0.05,0.02,21.87],"OutTanY":[0,0,0,0,0,0,0,0,0,0,0,0,0,0,0,0,0,0,0,0,0,0,-0,0,0,-0],"OutTanZ":[0,-0.1,-1.38,-6.79,-13.53,-15.63,-15.05,-13.66,-12.12,-10.65,-9.31,-8.1,-7.03,-6.07,-5.22,-4.46,-3.78,-3.17,-2.61,-2.11,-1.65,-1.23,-0.84,-0.49,-0.16,-208.65]},"Scale":{"X":51.42,"Y":51.42,"Z":51.42},"Orientation":{"X":0,"Y":0,"Z":0},"XRotation":{"Val":0},"YRotation":{"Type":[0,0,0,0,0,0,0,0,0,0,0,0,0,0,0,0,0,0,0,0,0,0,0,0,0,0],"Time":[0.12,0.16,0.2,0.24,0.28,0.32,0.36,0.4,0.44,0.48,0.52,0.56,0.6,0.64,0.68,0.72,0.76,0.8,0.84,0.88,0.92,0.96,1,1.04,1.08,1.12],"Val":[0,0.17,0.65,1.43,2.47,3.74,5.23,6.89,8.7,10.64,12.67,14.78,16.92,19.08,21.22,23.33,25.36,27.3,29.11,30.77,32.26,33.53,34.57,35.35,35.83,36],"InTanX":[0,0,0,0,0,0,0,0,0,0,0,0,0,0,0,0,0,0,0,0,0,0,0,0,0,0],"OutTanX":[0,0,0,0,0,0,0,0,0,0,0,0,0,0,0,0,0,0,0,0,0,0,0,0,0,0]},"ZRotation":{"Val":0},"Opacity":{"Val":100}}