{"LayName":"5.png","LayWidth":1080,"LayHeight":1920,"LayID":3401,"ParentID":0,"LayIn":0,"LayDur":1.16,"CompIn":0,"CompDur":1.16,"Normalization":false,"SourcePath":"F:/MTKproject/wallpaper/5.png","Version":"110314411","Marker":{},"AnchorPoint":{"X":0.5,"Y":0.5,"Z":0},"Position":{"Type":[4,4,4,4,4,4,4,4,4,4,4,4,4,4,4,4,4,4,4,4,4,4,4,4,4,4],"Time":[0.08,0.12,0.16,0.2,0.24,0.28,0.32,0.36,0.4,0.44,0.48,0.52,0.56,0.6,0.64,0.68,0.72,0.76,0.8,0.84,0.88,0.92,0.96,1,1.04,1.08],"X":[-630,-630.07,-630.28,-630.64,-631.15,-631.81,-632.58,-633.39,-634.06,-634.29,-633.4,-629.97,-620.94,-600.24,-560.69,-506.5,-454.26,-412.9,-382.18,-359.71002,-343.41,-331.78,-323.77002,-318.65,-315.86,-315],"Y":[0,0,0,0,0,0,0,0,0,0,0,0,0,0,0,0,0,0,0,0,0,0,0,0,0,0],"Z":[760,759.45,757.7,754.57,749.86,743.28,734.47,722.97,708.16,689.18,664.82,633.5,593.47,544.47,492.64,450.72,423.88,407.78,397.8,391.32,386.97,384.03,382.08,380.86,380.2,380],"InTanX":[28.9,0.02,0.07,0.12,0.17,0.21,0.23,0.23,0.15,-0.05,-0.53,-1.57,-3.82,-8.44,-15.59,-20.4,-18.8,-14.45,-10.55,-7.63,-5.5,-3.91,-2.68,-1.72,-0.93,-0.29],"InTanY":[-0,0,0,0,0,0,0,0,0,0,0,0,0,0,0,0,0,0,0,0,0,0,0,0,0,0],"InTanZ":[238.43,0.18,0.58,1.04,1.56,2.18,2.91,3.79,4.87,6.21,7.9,10.05,12.63,15.06,15.49,12.45,8.17,5.04,3.19,2.1,1.42,0.97,0.65,0.4,0.22,0.07],"OutTanX":[-0.02,-0.07,-0.12,-0.18,-0.23,-0.28,-0.31,-0.3,-0.2,0.07,0.72,2.19,5.34,10.74,15.69,16.01,13.13,9.94,7.34,5.36,3.84,2.65,1.7,0.93,0.29,226.1],"OutTanY":[0,0,0,0,0,0,0,0,0,0,0,0,0,0,0,0,0,0,0,0,0,0,-0,0,0,-0],"OutTanZ":[-0.18,-0.59,-1.04,-1.58,-2.21,-2.96,-3.87,-5.01,-6.45,-8.34,-10.83,-14.08,-17.65,-19.16,-15.59,-9.77,-5.7,-3.47,-2.22,-1.48,-0.99,-0.66,-0.41,-0.22,-0.07,-52.7]},"Scale":{"X":51.42,"Y":51.42,"Z":51.42},"Orientation":{"X":0,"Y":0,"Z":0},"XRotation":{"Val":0},"YRotation":{"Type":[0,0,0,0,0,0,0,0,0,0,0,0,0,0,0,0,0,0,0,0,0,0,0,0,0,0],"Time":[0.08,0.12,0.16,0.2,0.24,0.28,0.32,0.36,0.4,0.44,0.48,0.52,0.56,0.6,0.64,0.68,0.72,0.76,0.8,0.84,0.88,0.92,0.96,1,1.04,1.08],"Val":[-36,-36,-36,-36,-36,-36,-36,-36,-36,-36,-36,-36,-36,-36,-36,-36,-36,-36,-36,-36,-36,-36,-36,-36,-36,-36],"InTanX":[0,0,0,0,0,0,0,0,0,0,0,0,0,0,0,0,0,0,0,0,0,0,0,0,0,0],"OutTanX":[0,0,0,0,0,0,0,0,0,0,0,0,0,0,0,0,0,0,0,0,0,0,0,0,0,0]},"ZRotation":{"Val":0},"Opacity":{"Val":100}}