{"LayName":"5.png","LayWidth":1080,"LayHeight":1920,"LayID":2852,"ParentID":0,"LayIn":0,"LayDur":1.16,"CompIn":0,"CompDur":1.16,"Normalization":false,"SourcePath":"F:/MTKproject/wallpaper/5.png","Version":"110314411","Marker":{},"AnchorPoint":{"X":0.5,"Y":0.5,"Z":0},"Position":{"Type":[4,4,4,4,4,4,4,4,4,4,4,4,4,4,4,4,4,4,4,4,4,4,4,4,4,4],"Time":[0.08,0.12,0.16,0.2,0.24,0.28,0.32,0.36,0.4,0.44,0.48,0.52,0.56,0.6,0.64,0.68,0.72,0.76,0.8,0.84,0.88,0.92,0.96,1,1.04,1.08],"X":[-630,-629.96,-629.83,-629.6,-629.26,-628.76,-628.08,-627.15,-625.9,-624.23,-621.97,-618.94,-614.81,-609.17,-601.34,-590.35,-574.61,-551.64,-517.4,-465.43,-386.1,-269.6,-135.20001,-46.72,-9.210022,0],"Y":[0,0,0,0,0,0,0,0,0,0,0,0,0,0,0,0,0,0,0,0,0,0,0,0,0,0],"Z":[760,760.49,761.99,764.6,768.4,773.5,780.03,788.13,797.97,809.77,823.73,840.14,859.34,881.71,907.74,937.97,972.97,1013.25,1058.87,1108.76,1159.3,1202.2,1224.99,1229.87,1230.09,1230],"InTanX":[0,-0.01,-0.04,-0.08,-0.12,-0.17,-0.24,-0.32,-0.44,-0.59,-0.79,-1.07,-1.46,-2.01,-2.79,-3.94,-5.66,-8.29,-12.42,-18.93,-29.01,-42.59,-48.34,-30.71,-12.7,-3.08],"InTanY":[0,0,0,0,0,0,0,0,0,0,0,0,0,0,0,0,0,0,0,0,0,0,0,0,0,0],"InTanZ":[0,-0.16,-0.5,-0.87,-1.26,-1.7,-2.17,-2.69,-3.26,-3.9,-4.61,-5.41,-6.31,-7.34,-8.5,-9.82,-11.29,-12.84,-14.29,-15.18,-14.56,-11,-4.55,-0.6,0.09,0.04],"OutTanX":[0.01,0.04,0.07,0.11,0.16,0.22,0.3,0.4,0.53,0.71,0.95,1.29,1.75,2.42,3.39,4.83,7.02,10.41,15.72,23.88,35.08,41.27,28.28,12.31,3.06,534.76],"OutTanY":[0,0,0,0,0,0,0,0,0,0,0,0,0,0,0,0,0,0,0,0,0,0,0,0,0,-0],"OutTanZ":[0.16,0.5,0.87,1.27,1.71,2.18,2.71,3.3,3.96,4.7,5.53,6.48,7.58,8.85,10.33,12.05,14.01,16.13,18.09,19.14,17.61,10.66,2.66,0.24,-0.02,-7.12]},"Scale":{"X":51.42,"Y":51.42,"Z":51.42},"Orientation":{"X":0,"Y":0,"Z":0},"XRotation":{"Val":0},"YRotation":{"Type":[0,0,0,0,0,0,0,0,0,0,0,0,0,0,0,0,0,0,0,0,0,0,0,0,0,0],"Time":[0.08,0.12,0.16,0.2,0.24,0.28,0.32,0.36,0.4,0.44,0.48,0.52,0.56,0.6,0.64,0.68,0.72,0.76,0.8,0.84,0.88,0.92,0.96,1,1.04,1.08],"Val":[-36,-35.84,-35.39,-34.7,-33.8,-32.73,-31.5,-30.14,-28.67,-27.09,-25.43,-23.68,-21.88,-20.02,-18.12,-16.19,-14.24,-12.28,-10.33,-8.41,-6.54,-4.76,-3.1,-1.64,-0.51,0],"InTanX":[0,0,0,0,0,0,0,0,0,0,0,0,0,0,0,0,0,0,0,0,0,0,0,0,0,0],"OutTanX":[0,0,0,0,0,0,0,0,0,0,0,0,0,0,0,0,0,0,0,0,0,0,0,0,0,0]},"ZRotation":{"Val":0},"Opacity":{"Val":100}}