{"LayName":"6.png","LayWidth":1080,"LayHeight":1920,"LayID":2853,"ParentID":0,"LayIn":0,"LayDur":1.16,"CompIn":0,"CompDur":1.16,"Normalization":false,"SourcePath":"F:/MTKproject/wallpaper/6.png","Version":"020947148","Marker":{},"AnchorPoint":{"X":0.5,"Y":0.5,"Z":0},"Position":{"Type":[4,4,4,4,4,4,4,4,4,4,4,4,4,4,4,4,4,4,4,4,4,4,4,4,4,4],"Time":[0.04,0.08,0.12,0.16,0.2,0.24,0.28,0.32,0.36,0.4,0.44,0.48,0.52,0.56,0.6,0.64,0.68,0.72,0.76,0.8,0.84,0.88,0.92,0.96,1,1.04],"X":[-314.5,-315.39,-318.28998,-323.63,-331.96002,-344.06,-361.02002,-384.44,-416.47,-459.72,-514.8,-573.5,-619.26,-645.67,-658.46,-664.05,-666.13,-666.53,-666.17,-665.52,-664.81,-664.17,-663.65,-663.28,-663.07,-663],"Y":[1,1,1,1,1,1,1,1,1,1,1,1,1,1,1,1,1,1,1,1,1,1,1,1,1,1],"Z":[389.5,389.71,390.39,391.66,393.68,396.73,401.22,407.89,418.08,434.29,460.79,501.3,551.42,600.05,640.77,673.05,698.31,718.06,733.48,745.44,754.6,761.45,766.36,769.61,771.43,772],"InTanX":[226.1,0.3,0.97,1.77,2.76,4.01,5.6,7.69,10.43,13.87,17.17,17.47,12.89,7.11,3.3,1.34,0.4,-0.03,-0.21,-0.27,-0.27,-0.23,-0.18,-0.13,-0.07,-0.02],"InTanY":[0,0,0,0,0,0,0,0,0,0,0,0,0,0,0,0,0,0,0,0,0,0,0,0,0,0],"InTanZ":[-52.7,-0.07,-0.23,-0.43,-0.68,-1.03,-1.53,-2.29,-3.54,-5.75,-9.63,-14.99,-18.46,-17.5,-14.33,-11.18,-8.66,-6.72,-5.21,-4.03,-3.08,-2.3,-1.64,-1.09,-0.61,-0.19],"OutTanX":[-0.3,-0.97,-1.78,-2.79,-4.06,-5.71,-7.92,-10.92,-14.95,-19.5,-21.59,-17.53,-10.45,-5.22,-2.38,-0.98,-0.3,0.02,0.16,0.2,0.2,0.16,0.12,0.07,0.02,28.9],"OutTanY":[0,0,0,0,0,0,0,0,0,0,0,0,0,0,0,0,0,0,0,0,0,0,-0,0,0,0],"OutTanZ":[0.07,0.23,0.42,0.67,1,1.47,2.16,3.25,5.08,8.08,12.1,15.04,14.96,12.84,10.35,8.19,6.45,5.06,3.94,3.03,2.27,1.63,1.08,0.61,0.19,238.43]},"Scale":{"X":51.42,"Y":51.42,"Z":51.42},"Orientation":{"X":0,"Y":0,"Z":0},"XRotation":{"Val":0},"YRotation":{"Type":[1,1,1,1,1,1,1,1,1,1,1,1,1,1,1,1,1,1,1,1,1,1,1,1,1,1],"Time":[0.04,0.08,0.12,0.16,0.2,0.24,0.28,0.32,0.36,0.4,0.44,0.48,0.52,0.56,0.6,0.64,0.68,0.72,0.76,0.8,0.84,0.88,0.92,0.96,1,1.04],"Val":[-36,-36,-36,-36,-36,-36,-36,-36,-36,-36,-36,-36,-36,-36,-36,-36,-36,-36,-36,-36,-36,-36,-36,-36,-36,-36],"InTanX":[0,0,0,0,0,0,0,0,0,0,0,0,0,0,0,0,0,0,0,0,0,0,0,0,0,0],"OutTanX":[0,0,0,0,0,0,0,0,0,0,0,0,0,0,0,0,0,0,0,0,0,0,0,0,0,0]},"ZRotation":{"Val":0},"Opacity":{"Val":100}}