{"LayName":"6.png","LayWidth":1080,"LayHeight":1920,"LayID":3403,"ParentID":0,"LayIn":0,"LayDur":1.16,"CompIn":0,"CompDur":1.16,"Normalization":false,"SourcePath":"F:/MTKproject/wallpaper/6.png","Version":"110314411","Marker":{},"AnchorPoint":{"X":0.5,"Y":0.5,"Z":0},"Position":{"Type":[4,4,4,4,4,4,4,4,4,4,4,4,4,4,4,4,4,4,4,4,4,4,4,4,4,4],"Time":[0.04,0.08,0.12,0.16,0.2,0.24,0.28,0.32,0.36,0.4,0.44,0.48,0.52,0.56,0.6,0.64,0.68,0.72,0.76,0.8,0.84,0.88,0.92,0.96,1,1.04],"X":[-315,-315.24,-315.97998,-317.27002,-319.16998,-321.71002,-324.88,-328.62,-332.71002,-336.62,-339.21002,-337.99,-328.12,-302.41998,-256.45,-198.23001,-143.9,-101.20999,-69.5,-46.28,-29.420013,-17.380005,-9.090027,-3.7800293,-0.89001465,0],"Y":[0,0,0,0,0,0,0,0,0,0,0,0,0,0,0,0,0,0,0,0,0,0,0,0,0,0],"Z":[380,379.47,377.81,374.82,370.31,363.96,355.4,344.1,329.33,310.09,285.03,252.5,211.28,162.72,113.34,72.85,45.66,28.83,18.3,11.51,7.02,4.03,2.06,0.85,0.2,0],"InTanX":[-91.8,0.08,0.24,0.43,0.62,0.82,1,1.15,1.2,1.02,0.36,-1.29,-4.79,-10.82,-17.9,-21.38,-19.12,-14.67,-10.75,-7.82,-5.66,-4.03,-2.77,-1.77,-0.96,-0.3],"InTanY":[0,0,0,0,0,0,0,0,0,0,0,0,0,0,0,0,0,0,0,0,0,0,0,0,0,0],"InTanZ":[-204.42,0.18,0.56,0.99,1.5,2.11,2.84,3.74,4.87,6.32,8.19,10.54,13.18,15.24,15.19,12.32,8.32,5.23,3.32,2.17,1.45,0.97,0.64,0.4,0.21,0.07],"OutTanX":[-0.08,-0.25,-0.44,-0.65,-0.88,-1.11,-1.34,-1.53,-1.6,-1.37,-0.49,1.75,6.22,12.58,17.29,17.02,13.77,10.37,7.65,5.58,4,2.76,1.77,0.96,0.3,226.1],"OutTanY":[0,0,0,0,0,0,0,0,0,0,0,0,0,0,0,0,0,0,0,0,0,0,0,0,0,-0],"OutTanZ":[-0.18,-0.56,-1,-1.51,-2.12,-2.87,-3.8,-4.97,-6.5,-8.52,-11.15,-14.3,-17.13,-17.73,-14.67,-9.81,-5.99,-3.7,-2.36,-1.55,-1.02,-0.67,-0.41,-0.22,-0.07,-50.15]},"Scale":{"X":51.42,"Y":51.42,"Z":51.42},"Orientation":{"X":0,"Y":0,"Z":0},"XRotation":{"Val":0},"YRotation":{"Type":[0,0,0,0,0,0,0,0,0,0,0,0,0,0,0,0,0,0,0,0,0,0,0,0,0,0],"Time":[0.04,0.08,0.12,0.16,0.2,0.24,0.28,0.32,0.36,0.4,0.44,0.48,0.52,0.56,0.6,0.64,0.68,0.72,0.76,0.8,0.84,0.88,0.92,0.96,1,1.04],"Val":[-36,-35.96,-35.85,-35.65,-35.35,-34.92,-34.35,-33.61,-32.66,-31.44,-29.87,-27.85,-25.21,-21.79,-17.58,-13.17,-9.39,-6.54,-4.47,-2.96,-1.88,-1.11,-0.58,-0.24,-0.06,0],"InTanX":[0,0,0,0,0,0,0,0,0,0,0,0,0,0,0,0,0,0,0,0,0,0,0,0,0,0],"OutTanX":[0,0,0,0,0,0,0,0,0,0,0,0,0,0,0,0,0,0,0,0,0,0,0,0,0,0]},"ZRotation":{"Val":0},"Opacity":{"Val":100}}