{"LayName":"3.png","LayWidth":1080,"LayHeight":1920,"LayID":2849,"ParentID":0,"LayIn":0,"LayDur":1.16,"CompIn":0,"CompDur":1.16,"Normalization":false,"SourcePath":"F:/MTKproject/wallpaper/3.png","Version":"110314411","Marker":{},"AnchorPoint":{"X":0.5,"Y":0.5,"Z":0},"Position":{"Type":[4,4,4,4,4,4,4,4,4,4,4,4,4,4,4,4,4,4,4,4,4,4,4,4,4,4],"Time":[0.08,0.12,0.16,0.2,0.24,0.28,0.32,0.36,0.4,0.44,0.48,0.52,0.56,0.6,0.64,0.68,0.72,0.76,0.8,0.84,0.88,0.92,0.96,1,1.04,1.08],"X":[630,630.16003,630.65,631.52,632.74,634.25,635.78,636.68005,635.39,628.27,608.47,570.54004,522.20996,476.63,438.96002,409,385.34998,366.71002,352.06,340.61,331.81,325.21002,320.46997,317.32,315.56,315],"Y":[0,0,0,0,0,0,0,0,0,0,0,0,0,0,0,0,0,0,0,0,0,0,0,0,0,0],"Z":[760,759.12,756.27,751.02,742.79,730.79,713.85,690.29,657.75,613.59,557.86,500.17,455.5,427.13,409.99,399.45,392.75,388.38,385.47,383.5,382.15,381.24,380.64,380.27,380.06,380],"InTanX":[-42.07,-0.05,-0.16,-0.28,-0.38,-0.44,-0.39,-0.05,0.93,3.37,8.38,14.92,17.84,16.1,12.99,10.2,7.99,6.27,4.92,3.83,2.94,2.21,1.58,1.05,0.59,0.19],"InTanY":[0,0,0,0,0,0,0,0,0,0,0,0,0,0,0,0,0,0,0,0,-0,0,0,0,0,0],"InTanZ":[235.45,0.29,0.95,1.74,2.73,3.97,5.57,7.71,10.54,14.07,17.3,17.35,13.2,8.39,5.12,3.18,2.04,1.34,0.9,0.62,0.42,0.29,0.19,0.12,0.07,0.02],"OutTanX":[0.05,0.17,0.3,0.44,0.56,0.64,0.55,0.08,-1.36,-4.75,-10.23,-14.26,-14.22,-12.1,-9.77,-7.77,-6.16,-4.85,-3.8,-2.93,-2.2,-1.58,-1.05,-0.59,-0.19,0],"OutTanY":[0,0,0,0,0,0,0,0,0,0,0,0,0,0,0,0,0,0,0,0,0,0,0,-0,0,0],"OutTanZ":[-0.29,-0.95,-1.76,-2.76,-4.03,-5.72,-8,-11.15,-15.37,-19.86,-21.12,-16.59,-10.52,-6.31,-3.85,-2.42,-1.57,-1.04,-0.7,-0.47,-0.32,-0.21,-0.13,-0.07,-0.02,0]},"Scale":{"X":51.42,"Y":51.42,"Z":51.42},"Orientation":{"X":0,"Y":0,"Z":0},"XRotation":{"Val":0},"YRotation":{"Type":[0,0,0,0,0,0,0,0,0,0,0,0,0,0,0,0,0,0,0,0,0,0,0,0,0,0],"Time":[0.08,0.12,0.16,0.2,0.24,0.28,0.32,0.36,0.4,0.44,0.48,0.52,0.56,0.6,0.64,0.68,0.72,0.76,0.8,0.84,0.88,0.92,0.96,1,1.04,1.08],"Val":[36,36,36,36,36,36,36,36,36,36,36,36,36,36,36,36,36,36,36,36,36,36,36,36,36,36],"InTanX":[0,0,0,0,0,0,0,0,0,0,0,0,0,0,0,0,0,0,0,0,0,0,0,0,0,0],"OutTanX":[0,0,0,0,0,0,0,0,0,0,0,0,0,0,0,0,0,0,0,0,0,0,0,0,0,0]},"ZRotation":{"Val":0},"Opacity":{"Val":100}}