{"LayName":"3.png","LayWidth":1080,"LayHeight":1920,"LayID":3398,"ParentID":0,"LayIn":0,"LayDur":1.16,"CompIn":0,"CompDur":1.16,"Normalization":false,"SourcePath":"F:/MTKproject/wallpaper/3.png","Version":"110314411","Marker":{},"AnchorPoint":{"X":0.5,"Y":0.5,"Z":0},"Position":{"Type":[4,4,4,4,4,4,4,4,4,4,4,4,4,4,4,4,4,4,4,4,4,4,4,4,4,4],"Time":[0.08,0.12,0.16,0.2,0.24,0.28,0.32,0.36,0.4,0.44,0.48,0.52,0.56,0.6,0.64,0.68,0.72,0.76,0.8,0.84,0.88,0.92,0.96,1,1.04,1.08],"X":[630,629.94995,629.79004,629.51,629.06995,628.43994,627.54004,626.31006,624.63,622.33997,619.27,615.13,609.56995,602.1,592.03,578.4,559.81995,534.18994,498.26,446.72998,371,260.53998,131.40002,45.48999,8.969971,0],"Y":[0,0,0,0,0,0,0,0,0,0,0,0,0,0,0,0,0,0,0,0,0,0,0,0,0,0],"Z":[760,760.47,761.93,764.45,768.14,773.09,779.41,787.26,796.77,808.12,821.54,837.24,855.53,876.72,901.2,929.41,961.84,999.03,1041.43,1089.14,1140.83,1190.15,1220.81,1228.99,1229.97,1230],"InTanX":[24.67,0.02,0.05,0.1,0.15,0.22,0.31,0.43,0.59,0.81,1.09,1.47,1.98,2.67,3.6,4.87,6.65,9.19,12.91,18.56,27.39,40.04,46.23,29.76,12.35,3],"InTanY":[-0,0,0,0,0,0,0,0,0,0,0,0,0,0,0,0,0,0,0,0,0,0,0,0,0,0],"InTanZ":[-235.45,-0.16,-0.49,-0.84,-1.23,-1.65,-2.11,-2.61,-3.17,-3.78,-4.46,-5.22,-6.07,-7.03,-8.1,-9.31,-10.65,-12.12,-13.66,-15.05,-15.63,-13.53,-6.79,-1.38,-0.1,0],"OutTanX":[-0.02,-0.05,-0.09,-0.14,-0.2,-0.28,-0.39,-0.53,-0.71,-0.96,-1.29,-1.72,-2.32,-3.12,-4.21,-5.74,-7.9,-11.05,-15.79,-23.1,-33.6,-39.86,-27.51,-11.99,-2.98,-394.2],"OutTanY":[0,0,0,0,0,0,0,0,0,0,0,0,0,0,0,0,0,0,0,0,0,0,0,0,0,-0],"OutTanZ":[0.16,0.49,0.84,1.23,1.65,2.11,2.61,3.17,3.79,4.48,5.25,6.11,7.1,8.21,9.49,10.96,12.65,14.58,16.71,18.73,19.17,13.47,4.04,0.55,0.02,-0.55]},"Scale":{"X":51.42,"Y":51.42,"Z":51.42},"Orientation":{"X":0,"Y":0,"Z":0},"XRotation":{"Val":0},"YRotation":{"Type":[0,0,0,0,0,0,0,0,0,0,0,0,0,0,0,0,0,0,0,0,0,0,0,0,0,0],"Time":[0.08,0.12,0.16,0.2,0.24,0.28,0.32,0.36,0.4,0.44,0.48,0.52,0.56,0.6,0.64,0.68,0.72,0.76,0.8,0.84,0.88,0.92,0.96,1,1.04,1.08],"Val":[36,35.83,35.35,34.57,33.53,32.26,30.77,29.11,27.3,25.36,23.33,21.22,19.08,16.92,14.78,12.67,10.64,8.7,6.89,5.23,3.74,2.47,1.43,0.65,0.17,0],"InTanX":[0,0,0,0,0,0,0,0,0,0,0,0,0,0,0,0,0,0,0,0,0,0,0,0,0,0],"OutTanX":[0,0,0,0,0,0,0,0,0,0,0,0,0,0,0,0,0,0,0,0,0,0,0,0,0,0]},"ZRotation":{"Val":0},"Opacity":{"Val":100}}