{"LayName":"6.png","LayWidth":1080,"LayHeight":1920,"LayID":2853,"ParentID":0,"LayIn":0,"LayDur":1.16,"CompIn":0,"CompDur":1.16,"Normalization":false,"SourcePath":"F:/MTKproject/wallpaper/6.png","Version":"110314411","Marker":{},"AnchorPoint":{"X":0.5,"Y":0.5,"Z":0},"Position":{"Type":[4,4,4,4,4,4,4,4,4,4,4,4,4,4,4,4,4,4,4,4,4,4,4,4,4,4],"Time":[0.04,0.08,0.12,0.16,0.2,0.24,0.28,0.32,0.36,0.4,0.44,0.48,0.52,0.56,0.6,0.64,0.68,0.72,0.76,0.8,0.84,0.88,0.92,0.96,1,1.04],"X":[-315,-315.86,-318.65,-323.78,-331.78998,-343.41998,-359.72,-382.19,-412.91998,-454.29,-506.53,-560.71,-600.26,-620.95,-629.97,-633.4,-634.29,-634.06,-633.39,-632.58,-631.81,-631.15,-630.64,-630.27,-630.07,-630],"Y":[0,0,0,0,0,0,0,0,0,0,0,0,0,0,0,0,0,0,0,0,0,0,0,0,0,0],"Z":[380,380.2,380.86,382.08,384.03,386.97,391.32,397.81,407.79,423.89,450.74,492.67,544.51,593.51,633.54,664.85,689.2,708.18,722.99,734.48,743.28,749.86,754.57,757.7,759.45,760],"InTanX":[226.1,0.29,0.93,1.7,2.65,3.84,5.36,7.34,9.94,13.13,16.01,15.69,10.74,5.34,2.19,0.72,0.07,-0.2,-0.3,-0.31,-0.28,-0.23,-0.18,-0.12,-0.07,-0.02],"InTanY":[0,0,0,0,0,0,0,0,0,0,0,0,0,0,0,0,0,0,-0,0,0,0,0,0,0,0],"InTanZ":[-52.7,-0.07,-0.22,-0.41,-0.66,-0.99,-1.48,-2.22,-3.47,-5.71,-9.78,-15.59,-19.17,-17.65,-14.08,-10.83,-8.34,-6.45,-5.01,-3.87,-2.96,-2.21,-1.58,-1.04,-0.58,-0.18],"OutTanX":[-0.29,-0.93,-1.72,-2.68,-3.91,-5.5,-7.64,-10.55,-14.45,-18.8,-20.4,-15.59,-8.44,-3.82,-1.56,-0.52,-0.05,0.15,0.23,0.23,0.21,0.17,0.12,0.07,0.02,28.9],"OutTanY":[0,0,0,0,0,0,0,0,0,0,0,-0,-0,0,0,0,0,0,0,0,0,0,0,0,0,0],"OutTanZ":[0.07,0.22,0.41,0.64,0.97,1.42,2.1,3.19,5.04,8.17,12.46,15.49,15.06,12.63,10.05,7.9,6.2,4.86,3.79,2.91,2.18,1.57,1.04,0.58,0.18,238.43]},"Scale":{"X":51.42,"Y":51.42,"Z":51.42},"Orientation":{"X":0,"Y":0,"Z":0},"XRotation":{"Val":0},"YRotation":{"Type":[0,0,0,0,0,0,0,0,0,0,0,0,0,0,0,0,0,0,0,0,0,0,0,0,0,0],"Time":[0.04,0.08,0.12,0.16,0.2,0.24,0.28,0.32,0.36,0.4,0.44,0.48,0.52,0.56,0.6,0.64,0.68,0.72,0.76,0.8,0.84,0.88,0.92,0.96,1,1.04],"Val":[-36,-36,-36,-36,-36,-36,-36,-36,-36,-36,-36,-36,-36,-36,-36,-36,-36,-36,-36,-36,-36,-36,-36,-36,-36,-36],"InTanX":[0,0,0,0,0,0,0,0,0,0,0,0,0,0,0,0,0,0,0,0,0,0,0,0,0,0],"OutTanX":[0,0,0,0,0,0,0,0,0,0,0,0,0,0,0,0,0,0,0,0,0,0,0,0,0,0]},"ZRotation":{"Val":0},"Opacity":{"Val":100}}