{"LayName":"1.png","LayWidth":1080,"LayHeight":1920,"LayID":3402,"ParentID":0,"LayIn":0,"LayDur":1.16,"CompIn":0,"CompDur":1.16,"Normalization":false,"SourcePath":"F:/MTKproject/wallpaper/1.png","Version":"110314411","Marker":{},"AnchorPoint":{"X":0.5,"Y":0.5,"Z":0},"Position":{"Type":[4,4,4,4,4,4,4,4,4,4,4,4,4,4,4,4,4,4,4,4,4,4,4,4,4,4],"Time":[0,0.04,0.08,0.12,0.16,0.2,0.24,0.28,0.32,0.36,0.4,0.44,0.48,0.52,0.56,0.6,0.64,0.68,0.72,0.76,0.8,0.84,0.88,0.92,0.96,1],"X":[0,0.59002686,2.4799805,5.8499756,10.929993,18.01001,27.46997,39.77002,55.559998,75.66998,101.20001,133.60999,174.53003,224.58002,279.03998,322.95,343.83002,346.71002,341.83002,335.02002,328.63,323.40002,319.52002,316.90997,315.45,315],"Y":[0,0,0,0,0,0,0,0,0,0,0,0,0,0,0,0,0,0,0,0,0,0,0,0,0,0],"Z":[0,-0,-0.01,0.01,0.1,0.34,0.87,1.9,3.81,7.14,12.85,22.52,38.91,66.56,110.7,169.59,228.87,276.33,310.63,334.79,351.72,363.49,371.44,376.46,379.17,380],"InTanX":[-197.75,-0.2,-0.63,-1.12,-1.7,-2.36,-3.16,-4.11,-5.27,-6.69,-8.47,-10.68,-13.29,-15.79,-16.1,-11.33,-3.84,0.97,2.62,2.76,2.37,1.86,1.35,0.89,0.49,0.15],"InTanY":[-0,0,0,0,0,0,0,0,0,0,0,0,0,-0,-0,-0,-0,0,0,0,0,0,0,0,0,0],"InTanZ":[1.22,0,-0,-0.01,-0.04,-0.1,-0.22,-0.41,-0.74,-1.28,-2.17,-3.65,-6.15,-10.32,-16.3,-21.31,-20.87,-16.34,-11.65,-8.15,-5.69,-3.94,-2.66,-1.68,-0.9,-0.28],"OutTanX":[0.2,0.63,1.12,1.69,2.36,3.15,4.1,5.26,6.7,8.54,10.91,13.94,17.47,19.98,17.65,9.89,2.81,-0.66,-1.79,-1.89,-1.63,-1.24,-0.85,-0.48,-0.15,119],"OutTanY":[0,0,0,0,0,0,0,0,0,0,0,0,0,0,0,0,0,0,0,0,0,0,-0,0,0,0],"OutTanZ":[-0,-0,0,0.02,0.06,0.14,0.28,0.53,0.94,1.63,2.79,4.76,8.08,13.06,17.87,18.6,15.28,11.2,7.96,5.6,3.9,2.64,1.67,0.9,0.28,-217.6]},"Scale":{"X":51.42,"Y":51.42,"Z":51.42},"Orientation":{"X":0,"Y":0,"Z":0},"XRotation":{"Val":0},"YRotation":{"Type":[0,0,0,0,0,0,0,0,0,0,0,0,0,0,0,0,0,0,0,0,0,0,0,0,0,0],"Time":[0,0.04,0.08,0.12,0.16,0.2,0.24,0.28,0.32,0.36,0.4,0.44,0.48,0.52,0.56,0.6,0.64,0.68,0.72,0.76,0.8,0.84,0.88,0.92,0.96,1],"Val":[0,0.04,0.15,0.35,0.65,1.08,1.65,2.39,3.34,4.56,6.13,8.15,10.79,14.21,18.42,22.83,26.61,29.46,31.53,33.04,34.12,34.89,35.42,35.76,35.94,36],"InTanX":[0,0,0,0,0,0,0,0,0,0,0,0,0,0,0,0,0,0,0,0,0,0,0,0,0,0],"OutTanX":[0,0,0,0,0,0,0,0,0,0,0,0,0,0,0,0,0,0,0,0,0,0,0,0,0,0]},"ZRotation":{"Val":0},"Opacity":{"Val":100}}