{"LayName":"3.png","LayWidth":1080,"LayHeight":1920,"LayID":2849,"ParentID":0,"LayIn":0,"LayDur":1.16,"CompIn":0,"CompDur":1.16,"Normalization":false,"SourcePath":"F:/MTKproject/wallpaper/3.png","Version":"020947148","Marker":{},"AnchorPoint":{"X":0.5,"Y":0.5,"Z":0},"Position":{"Type":[4,4,4,4,4,4,4,4,4,4,4,4,4,4,4,4,4,4,4,4,4,4,4,4,4,4],"Time":[0.08,0.12,0.16,0.2,0.24,0.28,0.32,0.36,0.4,0.44,0.48,0.52,0.56,0.6,0.64,0.68,0.72,0.76,0.8,0.84,0.88,0.92,0.96,1,1.04,1.08],"X":[663,663.16003,663.67004,664.55005,665.77,667.18994,668.43005,668.6,665.65,655.12,629.57996,585.06995,531.85,483.28998,443.69,412.39,387.74,368.32,353.06,341.15997,331.99,325.12,320.19,316.90997,315.08002,314.5],"Y":[1,1,1,1,1,1,1,1,1,1,1,1,1,1,1,1,1,1,1,1,1,1,1,1,1,1],"Z":[772,771.09,768.13,762.67,754.12,741.61,723.96,699.42,665.67,620.34,564.36,507.93,464.77,437.14,420.17,409.55,402.73,398.22,395.2,393.15,391.75,390.8,390.17,389.78,389.57,389.5],"InTanX":[-42.07,-0.05,-0.17,-0.28,-0.37,-0.4,-0.26,0.25,1.59,4.67,10.46,17.08,19.28,16.93,13.52,10.57,8.28,6.5,5.1,3.97,3.06,2.29,1.64,1.09,0.61,0.19],"InTanY":[0,0,0,0,0,0,0,0,0,0,0,0,0,0,0,0,0,0,-0,-0,0,0,0,0,0,0],"InTanZ":[235.45,0.3,0.99,1.81,2.84,4.13,5.81,8.02,10.92,14.43,17.37,17,12.81,8.21,5.08,3.21,2.08,1.38,0.94,0.64,0.44,0.3,0.2,0.13,0.07,0.02],"OutTanX":[0.05,0.17,0.31,0.44,0.55,0.57,0.37,-0.36,-2.3,-6.46,-12.42,-16.05,-15.37,-12.85,-10.28,-8.15,-6.44,-5.07,-3.96,-3.05,-2.29,-1.64,-1.09,-0.61,-0.19,0],"OutTanY":[0,0,0,0,0,0,0,0,0,0,0,0,0,0,0,0,0,0,0,0,0,0,0,0,0,0],"OutTanZ":[-0.3,-0.99,-1.83,-2.87,-4.2,-5.96,-8.34,-11.58,-15.79,-19.96,-20.62,-15.98,-10.21,-6.23,-3.87,-2.47,-1.62,-1.08,-0.73,-0.49,-0.33,-0.22,-0.13,-0.07,-0.02,0]},"Scale":{"X":51.42,"Y":51.42,"Z":51.42},"Orientation":{"X":0,"Y":0,"Z":0},"XRotation":{"Val":0},"YRotation":{"Type":[0,0,0,0,0,0,0,0,0,0,0,0,0,0,0,0,0,0,0,0,0,0,0,0,0,0],"Time":[0.08,0.12,0.16,0.2,0.24,0.28,0.32,0.36,0.4,0.44,0.48,0.52,0.56,0.6,0.64,0.68,0.72,0.76,0.8,0.84,0.88,0.92,0.96,1,1.04,1.08],"Val":[36,36,36,36,36,36,36,36,36,36,36,36,36,36,36,36,36,36,36,36,36,36,36,36,36,36],"InTanX":[0,0,0,0,0,0,0,0,0,0,0,0,0,0,0,0,0,0,0,0,0,0,0,0,0,0],"OutTanX":[0,0,0,0,0,0,0,0,0,0,0,0,0,0,0,0,0,0,0,0,0,0,0,0,0,0]},"ZRotation":{"Val":0},"Opacity":{"Val":100}}