{"LayName":"2.png","LayWidth":1080,"LayHeight":1920,"LayID":2850,"ParentID":0,"LayIn":0,"LayDur":1.16,"CompIn":0,"CompDur":1.16,"Normalization":false,"SourcePath":"F:/MTKproject/wallpaper/2.png","Version":"020947148","Marker":{},"AnchorPoint":{"X":0.5,"Y":0.5,"Z":0},"Position":{"Type":[4,4,4,4,4,4,4,4,4,4,4,4,4,4,4,4,4,4,4,4,4,4,4,4,4,4],"Time":[0.04,0.08,0.12,0.16,0.2,0.24,0.28,0.32,0.36,0.4,0.44,0.48,0.52,0.56,0.6,0.64,0.68,0.72,0.76,0.8,0.84,0.88,0.92,0.96,1,1.04],"X":[314.5,314.95,316.40997,319.02002,322.90997,328.15002,334.55,341.36,346.25,343.41998,322.69,279.03998,224.77002,174.79999,133.89001,101.44,75.869995,55.71997,39.890015,27.549988,18.070007,10.960022,5.869995,2.4899902,0.5999756,0],"Y":[1,1,1,1,1,1,1,1,1,1,1,1,1,1,1,1,1,1,1,1,1,1,1,1,1,1],"Z":[389.5,388.67,385.95,380.92,372.96,361.17,344.19,319.97,285.59,238.02,178.53,119.24,74.63,46.61,29.96,20.12,14.3,10.89,8.95,7.89,7.35,7.1,7.01,6.99,7,7],"InTanX":[0,-0.15,-0.48,-0.85,-1.25,-1.63,-1.9,-1.79,-0.67,2.79,9.82,17.56,19.92,17.45,13.94,10.92,8.56,6.72,5.27,4.11,3.16,2.36,1.7,1.12,0.63,0.2],"InTanY":[0,0,0,0,0,0,0,0,0,0,0,0,0,0,0,0,0,0,0,-0,0,0,0,-0,0,0],"InTanZ":[0,0.28,0.9,1.67,2.65,3.91,5.62,7.98,11.24,15.33,18.69,18.02,13.21,8.2,4.84,2.85,1.67,0.96,0.54,0.29,0.14,0.06,0.02,0,-0,-0],"OutTanX":[0.15,0.49,0.89,1.35,1.86,2.37,2.76,2.62,0.97,-3.8,-11.26,-16.04,-15.76,-13.29,-10.69,-8.48,-6.71,-5.28,-4.12,-3.17,-2.37,-1.7,-1.13,-0.63,-0.2,-189.59],"OutTanY":[0,0,0,0,0,0,0,0,0,0,0,0,0,0,0,0,0,0,0,0,0,0,0,0,0,0],"OutTanZ":[-0.28,-0.91,-1.68,-2.66,-3.95,-5.7,-8.16,-11.68,-16.37,-20.92,-21.42,-16.46,-10.45,-6.24,-3.71,-2.21,-1.31,-0.76,-0.42,-0.22,-0.1,-0.04,-0.01,-0,0,1.17]},"Scale":{"X":51.42,"Y":51.42,"Z":51.42},"Orientation":{"X":0,"Y":0,"Z":0},"XRotation":{"Val":0},"YRotation":{"Type":[0,0,0,0,0,0,0,0,0,0,0,0,0,0,0,0,0,0,0,0,0,0,0,0,0,0],"Time":[0.04,0.08,0.12,0.16,0.2,0.24,0.28,0.32,0.36,0.4,0.44,0.48,0.52,0.56,0.6,0.64,0.68,0.72,0.76,0.8,0.84,0.88,0.92,0.96,1,1.04],"Val":[36,35.94,35.76,35.42,34.89,34.12,33.04,31.53,29.46,26.61,22.83,18.42,14.21,10.79,8.15,6.13,4.56,3.34,2.39,1.65,1.08,0.65,0.35,0.15,0.04,0],"InTanX":[0,0,0,0,0,0,0,0,0,0,0,0,0,0,0,0,0,0,0,0,0,0,0,0,0,0],"OutTanX":[0,0,0,0,0,0,0,0,0,0,0,0,0,0,0,0,0,0,0,0,0,0,0,0,0,0]},"ZRotation":{"Val":0},"Opacity":{"Val":100}}