{"LayName":"2.png","LayWidth":1080,"LayHeight":1920,"LayID":3400,"ParentID":0,"LayIn":0,"LayDur":1.16,"CompIn":0,"CompDur":1.16,"Normalization":false,"SourcePath":"F:/MTKproject/wallpaper/2.png","Version":"110314411","Marker":{},"AnchorPoint":{"X":0.5,"Y":0.5,"Z":0},"Position":{"Type":[4,4,4,4,4,4,4,4,4,4,4,4,4,4,4,4,4,4,4,4,4,4,4,4,4,4],"Time":[0.04,0.08,0.12,0.16,0.2,0.24,0.28,0.32,0.36,0.4,0.44,0.48,0.52,0.56,0.6,0.64,0.68,0.72,0.76,0.8,0.84,0.88,0.92,0.96,1,1.04],"X":[315,315.56,317.32,320.46997,325.21002,331.82,340.62,352.07,366.72998,385.38,409.03003,439,476.68,522.25,570.56995,608.49,628.28,635.4,636.68005,635.78,634.24,632.74,631.51,630.65,630.16003,630],"Y":[0,0,0,0,0,0,0,0,0,0,0,0,0,0,0,0,0,0,0,0,0,0,0,0,0,0],"Z":[380,380.06,380.27,380.64,381.24,382.15,383.5,385.47,388.39,392.76,399.46,410,427.15,455.53,500.21,557.9,613.64,657.79,690.32,713.88,730.81,742.81,751.03,756.28,759.13,760],"InTanX":[194.65,-0.19,-0.59,-1.05,-1.58,-2.2,-2.93,-3.8,-4.86,-6.16,-7.77,-9.77,-12.11,-14.22,-14.26,-10.23,-4.75,-1.35,0.08,0.55,0.64,0.56,0.44,0.3,0.17,0.05],"InTanY":[0,0,0,0,0,0,0,0,0,0,0,0,0,0,0,0,0,0,0,0,0,0,0,-0,0,0],"InTanZ":[21.89,-0.02,-0.07,-0.13,-0.21,-0.32,-0.47,-0.7,-1.04,-1.57,-2.43,-3.85,-6.31,-10.52,-16.59,-21.12,-19.86,-15.37,-11.15,-8,-5.72,-4.03,-2.76,-1.75,-0.95,-0.29],"OutTanX":[0.19,0.59,1.05,1.58,2.21,2.94,3.83,4.92,6.27,7.99,10.2,12.99,16.1,17.84,14.92,8.38,3.36,0.93,-0.05,-0.39,-0.44,-0.38,-0.28,-0.16,-0.05,-42.07],"OutTanY":[0,0,0,0,0,0,0,0,0,0,0,0,0,0,-0,0,0,0,0,0,0,0,0,0,0,-0],"OutTanZ":[0.02,0.07,0.12,0.19,0.29,0.42,0.62,0.9,1.34,2.04,3.18,5.12,8.4,13.2,17.35,17.3,14.07,10.54,7.7,5.57,3.97,2.72,1.74,0.95,0.29,235.45]},"Scale":{"X":51.42,"Y":51.42,"Z":51.42},"Orientation":{"X":0,"Y":0,"Z":0},"XRotation":{"Val":0},"YRotation":{"Type":[0,0,0,0,0,0,0,0,0,0,0,0,0,0,0,0,0,0,0,0,0,0,0,0,0,0],"Time":[0.04,0.08,0.12,0.16,0.2,0.24,0.28,0.32,0.36,0.4,0.44,0.48,0.52,0.56,0.6,0.64,0.68,0.72,0.76,0.8,0.84,0.88,0.92,0.96,1,1.04],"Val":[36,36,36,36,36,36,36,36,36,36,36,36,36,36,36,36,36,36,36,36,36,36,36,36,36,36],"InTanX":[0,0,0,0,0,0,0,0,0,0,0,0,0,0,0,0,0,0,0,0,0,0,0,0,0,0],"OutTanX":[0,0,0,0,0,0,0,0,0,0,0,0,0,0,0,0,0,0,0,0,0,0,0,0,0,0]},"ZRotation":{"Val":0},"Opacity":{"Val":100}}