{"LayName":"5.png","LayWidth":1080,"LayHeight":1920,"LayID":2852,"ParentID":0,"LayIn":0,"LayDur":1.16,"CompIn":0,"CompDur":1.16,"Normalization":false,"SourcePath":"F:/MTKproject/wallpaper/5.png","Version":"020947148","Marker":{},"AnchorPoint":{"X":0.5,"Y":0.5,"Z":0},"Position":{"Type":[4,4,4,4,4,4,4,4,4,4,4,4,4,4,4,4,4,4,4,4,4,4,4,4,4,4],"Time":[0.08,0.12,0.16,0.2,0.24,0.28,0.32,0.36,0.4,0.44,0.48,0.52,0.56,0.6,0.64,0.68,0.72,0.76,0.8,0.84,0.88,0.92,0.96,1,1.04,1.08],"X":[-663,-659,-647.16003,-627.43,-599.49,-562.8,-516.63,-460.14,-392.47998,-313.1,-221.98999,-120.17999,-9.909973,105.52002,222.37,337.08002,446.76,549.16003,639.23,720.44995,792.22,853.33997,902.61,938.93994,961.36,969],"Y":[1,1,1,1,1,1,1,1,1,1,1,1,1,1,1,1,1,1,1,1,1,1,1,1,1,1],"Z":[772,779.51,801.26,836.03,882.29,938.22,1001.62,1069.88,1139.87,1207.95,1270.11,1322.33,1361.3,1385.14,1393.79,1388.77,1372.54,1347.99,1308.98,1271.5,1237.97,1209.23,1185.97,1168.76,1158.13,1154.5],"InTanX":[0,-1.34,-3.97,-6.63,-9.4,-12.37,-15.58,-19.07,-22.83,-26.75,-30.62,-34.09,-36.75,-38.25,-38.47,-37.5,-35.57,-32.92,-46.27,-28.78,-23.74,-19.31,-14.82,-10.11,-5.17,-0.02],"InTanY":[0,0,0,0,0,0,0,0,0,0,0,0,0,0,0,0,0,0,-0,-0,0,0,0,0,0,0],"InTanZ":[0,-2.5,-7.17,-11.38,-15.02,-17.99,-20.18,-21.45,-21.65,-20.63,-18.3,-14.74,-10.22,-5.28,-0.48,3.69,6.98,9.3,21.11,13.39,11.14,9.1,7.01,4.79,2.45,0.01],"OutTanX":[1.33,3.93,6.53,9.22,12.09,15.19,18.58,22.26,26.15,30.08,33.73,36.7,38.63,39.35,38.89,37.46,35.27,8.82,24.62,23.69,21.13,17.8,13.92,9.61,4.94,468],"OutTanY":[0,0,0,0,0,0,0,0,0,0,0,0,0,0,0,0,0,0,0,0,0,0,0,0,0,0],"OutTanZ":[2.51,7.33,11.8,15.83,19.3,22.1,24.07,25.04,24.81,23.2,20.17,15.86,10.75,5.43,0.49,-3.69,-6.92,-2.49,-11.24,-11.02,-9.91,-8.39,-6.58,-4.56,-2.34,-147.05]},"Scale":{"X":51.42,"Y":51.42,"Z":51.42},"Orientation":{"X":0,"Y":0,"Z":0},"XRotation":{"Val":0},"YRotation":{"Type":[0,0,0,0,0,0,0,0,0,0,0,0,0,0,0,0,0,0,0,0,0,0,0,0,0,0],"Time":[0.08,0.12,0.16,0.2,0.24,0.28,0.32,0.36,0.4,0.44,0.48,0.52,0.56,0.6,0.64,0.68,0.72,0.76,0.8,0.84,0.88,0.92,0.96,1,1.04,1.08],"Val":[-36,-35.66,-34.69,-33.14,-31.06,-28.51,-25.55,-22.23,-18.6,-14.72,-10.66,-6.45,-2.16,2.16,6.45,10.66,14.72,18.6,22.23,25.55,28.51,31.06,33.14,34.69,35.66,36],"InTanX":[0,0,0,0,0,0,0,0,0,0,0,0,0,0,0,0,0,0,0,0,0,0,0,0,0,0],"OutTanX":[0,0,0,0,0,0,0,0,0,0,0,0,0,0,0,0,0,0,0,0,0,0,0,0,0,0]},"ZRotation":{"Val":0},"Opacity":{"Type":[0,0,0,0],"Time":[0.28,0.4,0.68,0.8],"Val":[100,0,0,100],"InTanX":[0,0,0,0],"OutTanX":[0,0,0,0]}}