{"LayName":"1.png","LayWidth":1080,"LayHeight":1920,"LayID":2854,"ParentID":0,"LayIn":0,"LayDur":1.16,"CompIn":0,"CompDur":1.16,"Normalization":false,"SourcePath":"F:/MTKproject/wallpaper/1.png","Version":"020947148","Marker":{},"AnchorPoint":{"X":0.5,"Y":0.5,"Z":0},"Position":{"Type":[4,4,4,4,4,4,4,4,4,4,4,4,4,4,4,4,4,4,4,4,4,4,4,4,4,4],"Time":[0,0.04,0.08,0.12,0.16,0.2,0.24,0.28,0.32,0.36,0.4,0.44,0.48,0.52,0.56,0.6,0.64,0.68,0.72,0.76,0.8,0.84,0.88,0.92,0.96,1],"X":[0,-0.89001465,-3.789978,-9.119995,-17.429993,-29.5,-46.399994,-69.67001,-101.42999,-144.17001,-198.48001,-256.57,-302.28998,-327.78998,-337.56,-338.75,-336.16,-332.24,-328.15,-324.41,-321.22998,-318.68,-316.78,-315.47998,-314.74,-314.5],"Y":[1,1,1,1,1,1,1,1,1,1,1,1,1,1,1,1,1,1,1,1,1,1,1,1,1,1],"Z":[7,7.2,7.85,9.07,11.04,14.05,18.58,25.44,36.08,53.13,80.7,121.68,171.52,220.34,261.68,294.28,319.4,338.68,353.49,364.82,373.41,379.78,384.31,387.3,388.98,389.5],"InTanX":[226.1,0.3,0.97,1.77,2.76,4.01,5.6,7.67,10.39,13.78,17.01,17.24,12.5,6.17,1.73,-0.5,-1.37,-1.6,-1.53,-1.34,-1.11,-0.88,-0.65,-0.44,-0.25,-0.08],"InTanY":[0,0,0,0,0,0,0,0,0,0,0,0,0,0,0,0,0,0,0,0,0,0,0,-0,0,0],"InTanZ":[-50.15,-0.07,-0.22,-0.41,-0.67,-1.03,-1.56,-2.39,-3.74,-6.08,-9.94,-14.85,-17.88,-17.21,-14.33,-11.16,-8.53,-6.52,-4.98,-3.81,-2.88,-2.13,-1.52,-1,-0.56,-0.18],"OutTanX":[-0.3,-0.97,-1.78,-2.78,-4.04,-5.67,-7.84,-10.77,-14.69,-19.12,-21.34,-17.82,-10.73,-4.74,-1.27,0.36,1.02,1.2,1.15,1,0.82,0.62,0.43,0.25,0.08,0],"OutTanY":[0,0,0,0,0,0,0,0,0,0,0,0,0,0,0,0,0,0,0,0,0,0,0,0,0,0],"OutTanZ":[0.07,0.22,0.4,0.65,0.98,1.46,2.19,3.35,5.29,8.43,12.47,15.35,15.35,13.23,10.57,8.21,6.34,4.89,3.75,2.85,2.11,1.51,1,0.56,0.17,0]},"Scale":{"X":51.42,"Y":51.42,"Z":51.42},"Orientation":{"X":0,"Y":0,"Z":0},"XRotation":{"Val":0},"YRotation":{"Type":[0,0,0,0,0,0,0,0,0,0,0,0,0,0,0,0,0,0,0,0,0,0,0,0,0,0],"Time":[0,0.04,0.08,0.12,0.16,0.2,0.24,0.28,0.32,0.36,0.4,0.44,0.48,0.52,0.56,0.6,0.64,0.68,0.72,0.76,0.8,0.84,0.88,0.92,0.96,1],"Val":[0,-0.06,-0.24,-0.58,-1.11,-1.88,-2.96,-4.47,-6.54,-9.39,-13.17,-17.58,-21.79,-25.21,-27.85,-29.87,-31.44,-32.66,-33.61,-34.35,-34.92,-35.35,-35.65,-35.85,-35.96,-36],"InTanX":[0,0,0,0,0,0,0,0,0,0,0,0,0,0,0,0,0,0,0,0,0,0,0,0,0,0],"OutTanX":[0,0,0,0,0,0,0,0,0,0,0,0,0,0,0,0,0,0,0,0,0,0,0,0,0,0]},"ZRotation":{"Val":0},"Opacity":{"Val":100}}